-- phpMyAdmin SQL Dump
-- version 4.1.14
-- http://www.phpmyadmin.net
--
-- Servidor: 127.0.0.1
-- Tiempo de generación: 07-05-2015 a las 05:17:48
-- Versión del servidor: 5.5.16
-- Versión de PHP: 5.5.12

SET SQL_MODE = "NO_AUTO_VALUE_ON_ZERO";
SET time_zone = "+00:00";


/*!40101 SET @OLD_CHARACTER_SET_CLIENT=@@CHARACTER_SET_CLIENT */;
/*!40101 SET @OLD_CHARACTER_SET_RESULTS=@@CHARACTER_SET_RESULTS */;
/*!40101 SET @OLD_COLLATION_CONNECTION=@@COLLATION_CONNECTION */;
/*!40101 SET NAMES utf8 */;

--
-- Base de datos: `costahum_costapez`
--

-- --------------------------------------------------------

--
-- Estructura de tabla para la tabla `buceos`
--

CREATE TABLE IF NOT EXISTS `buceos` (
  `id` int(11) NOT NULL AUTO_INCREMENT,
  `latitud` double NOT NULL,
  `longitud` double NOT NULL,
  `localidad` varchar(45) DEFAULT NULL,
  `fecha` date DEFAULT NULL,
  `tipo` enum('Autónomo deportivo','Semi-Autónomo','Apnea','Técnico') DEFAULT NULL,
  `temp_superficie` int(11) DEFAULT NULL COMMENT 'Temperatura de superficie registrada en grados celcius',
  `temp_fondo` int(11) DEFAULT NULL COMMENT 'Temperatura de fondo registrada en grados celcius',
  `tiempo` int(11) DEFAULT NULL COMMENT 'Tiempo de buceo medido en minutos',
  `profundidad_media` int(11) DEFAULT NULL COMMENT 'Metros',
  `profundidad_maxima` int(11) DEFAULT NULL COMMENT 'Metros',
  `visibilidad` enum('Menos de 1 metro','1 - 3 metros','3 - 5 metros','5 - 10 metros','10 - 15 metros','15 - 20 metros','20 - 30 metros','Más de 30 metros') DEFAULT NULL,
  `corriente` enum('Ninguna','Suave','Fuerte') DEFAULT NULL COMMENT '0 - Ninguna\n1 - Suave\n2 - Fuerte',
  `nombre_usuario` varchar(11) NOT NULL,
  PRIMARY KEY (`id`),
  KEY `fk_registro_buceo_usuario1_idx` (`nombre_usuario`)
) ENGINE=InnoDB  DEFAULT CHARSET=utf8 AUTO_INCREMENT=8 ;

--
-- Volcado de datos para la tabla `buceos`
--

INSERT INTO `buceos` (`id`, `latitud`, `longitud`, `localidad`, `fecha`, `tipo`, `temp_superficie`, `temp_fondo`, `tiempo`, `profundidad_media`, `profundidad_maxima`, `visibilidad`, `corriente`, `nombre_usuario`) VALUES
(1, -29.78344945682059, -71.69677734375, '', '2014-02-16', 'Autónomo deportivo', 24, 14, 40, 14, 22, '5 - 10 metros', 'Suave', 'César'),
(2, -28.6905876542507, -72.94921875, '', '2015-02-17', 'Autónomo deportivo', 25, 15, 40, 8, 15, '3 - 5 metros', 'Suave', 'César'),
(3, -32.10118973232094, -72.509765625, '', '2014-05-15', 'Autónomo deportivo', 23, 13, 45, 13, 33, '3 - 5 metros', 'Suave', 'César'),
(4, -32.551922829107546, -71.46738409996033, '', '2015-03-22', 'Apnea', 18, 17, 120, 5, 13, '5 - 10 metros', 'Suave', 'clubeltigre'),
(5, -30.259067203213004, -71.54296875, '', '2015-03-30', 'Autónomo deportivo', 0, 0, 12, 13, 0, 'Menos de 1 metro', 'Suave', 'Javier Nare'),
(6, -33.72433966174759, -80.771484375, '', '2015-05-06', 'Autónomo deportivo', 20, 15, 30, 20, 30, '10 - 15 metros', 'Suave', 'javiera val'),
(7, -33.72433966174759, -80.771484375, '', '2015-05-01', 'Autónomo deportivo', 20, 20, 20, 20, 30, '5 - 10 metros', 'Suave', 'javiera val');

-- --------------------------------------------------------

--
-- Estructura de tabla para la tabla `buceo_especie`
--

CREATE TABLE IF NOT EXISTS `buceo_especie` (
  `id_buceo` int(11) NOT NULL,
  `id_especie` int(11) NOT NULL,
  `abundancia` enum('Único','Poco abundante','Abundante','Muy abundante') DEFAULT NULL,
  `presente` tinyint(1) NOT NULL,
  PRIMARY KEY (`id_buceo`,`id_especie`),
  KEY `fk_registro_especie_registro_buceo1_idx` (`id_buceo`),
  KEY `fk_registro_especie_especie1_idx` (`id_especie`)
) ENGINE=InnoDB DEFAULT CHARSET=utf8;

--
-- Volcado de datos para la tabla `buceo_especie`
--

INSERT INTO `buceo_especie` (`id_buceo`, `id_especie`, `abundancia`, `presente`) VALUES
(1, 153, 'Abundante', 1),
(1, 322, NULL, 1),
(1, 481, 'Poco abundante', 1),
(1, 579, NULL, 1),
(1, 760, 'Abundante', 1),
(2, 153, 'Abundante', 1),
(2, 481, 'Poco abundante', 1),
(3, 324, 'Único', 1),
(3, 653, NULL, 0),
(4, 153, 'Poco abundante', 1),
(4, 414, NULL, 1),
(4, 481, 'Poco abundante', 1),
(4, 538, 'Único', 1),
(4, 579, 'Único', 1),
(4, 688, 'Único', 1),
(4, 772, 'Poco abundante', 1),
(7, 414, 'Poco abundante', 1),
(7, 785, 'Muy abundante', 1);

-- --------------------------------------------------------

--
-- Estructura de tabla para la tabla `buceo_habitat`
--

CREATE TABLE IF NOT EXISTS `buceo_habitat` (
  `idhabitat` int(11) NOT NULL,
  `idbuceo` int(11) NOT NULL,
  PRIMARY KEY (`idhabitat`,`idbuceo`),
  KEY `fk_buceo_habitat_habitat1_idx` (`idhabitat`),
  KEY `fk_buceo_habitat_registro_buceo1_idx` (`idbuceo`)
) ENGINE=InnoDB DEFAULT CHARSET=utf8;

-- --------------------------------------------------------

--
-- Estructura de tabla para la tabla `centro_buceo`
--

CREATE TABLE IF NOT EXISTS `centro_buceo` (
  `id` int(11) NOT NULL,
  `data` varchar(45) DEFAULT NULL,
  PRIMARY KEY (`id`)
) ENGINE=InnoDB DEFAULT CHARSET=utf8;

--
-- Volcado de datos para la tabla `centro_buceo`
--

INSERT INTO `centro_buceo` (`id`, `data`) VALUES
(1, 'ValpoSub'),
(2, 'Otros');

-- --------------------------------------------------------

--
-- Estructura de tabla para la tabla `especies`
--

CREATE TABLE IF NOT EXISTS `especies` (
  `id` int(11) NOT NULL AUTO_INCREMENT,
  `nombre_comun` varchar(30) DEFAULT NULL,
  `nombre_cientifico` varchar(35) DEFAULT NULL,
  `kingdom` varchar(25) DEFAULT NULL,
  `phylum` varchar(25) DEFAULT NULL,
  `class` varchar(25) DEFAULT NULL,
  `order` varchar(25) DEFAULT NULL,
  `family` varchar(25) DEFAULT NULL,
  `genus` varchar(45) DEFAULT NULL,
  `aphia` int(11) DEFAULT NULL,
  `distribucion_geografica` varchar(200) NOT NULL,
  `descripcion` text NOT NULL,
  `ecologia` text NOT NULL,
  `importancia_economica` text NOT NULL,
  `biologia_reproductiva` text NOT NULL,
  `referencias` text CHARACTER SET utf8 COLLATE utf8_spanish2_ci NOT NULL,
  `ruta` varchar(100) NOT NULL,
  PRIMARY KEY (`id`)
) ENGINE=InnoDB  DEFAULT CHARSET=utf8 AUTO_INCREMENT=790 ;

--
-- Volcado de datos para la tabla `especies`
--

INSERT INTO `especies` (`id`, `nombre_comun`, `nombre_cientifico`, `kingdom`, `phylum`, `class`, `order`, `family`, `genus`, `aphia`, `distribucion_geografica`, `descripcion`, `ecologia`, `importancia_economica`, `biologia_reproductiva`, `referencias`, `ruta`) VALUES
(1, 'Vieja colorada - Vieja Tiuque', 'Acanthistius pictus', 'Animalia', 'Chordata', 'Actinopterygii', 'Perciformes', 'Serranidae', 'Acanthistius', 278727, '', '', '', '', '', '', ''),
(2, 'Nudibranquio', 'Acanthodoris falklandica', 'Animalia', 'Mollusca', 'Gastropoda', 'Nudibranchia', 'Onchidorididae', 'Acanthodoris', 532318, '', '', '', '', '', '', ''),
(3, '', 'Acanthodraco dewitti', 'Animalia', 'Chordata', 'Actinopterygii', 'Perciformes', 'Bathydraconidae', 'Acanthodraco', 234690, '', '', '', '', '', '', ''),
(4, '', 'Aculeola nigra', 'Animalia', 'Chordata', 'Elasmobranchii', 'Squaliformes', 'Etmopteridae', 'Aculeola', 279502, '', '', '', '', '', '', ''),
(5, 'Acorazado ', 'Agonopsis chiloensis', 'Animalia', 'Chordata', 'Actinopterygii', 'Scorpaeniformes', 'Agonidae', 'Agonopsis', 279520, '', '', '', '', '', '', ''),
(6, '', 'Aldrovandia oleosa', 'Animalia', 'Chordata', 'Actinopterygii', 'Notacanthiformes', 'Halosauridae', 'Aldrovandia', 157881, '', '', '', '', '', '', ''),
(7, '', 'Aldrovandia phalacra', 'Animalia', 'Chordata', 'Actinopterygii', 'Notacanthiformes', 'Halosauridae', 'Aldrovandia', 126638, '', '', '', '', '', '', ''),
(8, '', 'Alepisaurus brevirostris', 'Animalia', 'Chordata', 'Actinopterygii', 'Aulopiformes', 'Alepisauridae', 'Alepisaurus', 126332, '', '', '', '', '', '', ''),
(9, '', 'Alepisaurus ferox', 'Animalia', 'Chordata', 'Actinopterygii', 'Aulopiformes', 'Alepisauridae', 'Alepisaurus', 126333, '', '', '', '', '', '', ''),
(10, '', 'Alepocephalus melas', 'Animalia', 'Chordata', 'Actinopterygii', 'Osmeriformes', 'Alepocephalidae', 'Alepocephalus', 272846, '', '', '', '', '', '', ''),
(11, '', 'Alepocephalus tenebrosus', 'Animalia', 'Chordata', 'Actinopterygii', 'Osmeriformes', 'Alepocephalidae', 'Alepocephalus', 272849, '', '', '', '', '', '', ''),
(12, '', 'Allocyttus verrucosus', 'Animalia', 'Chordata', 'Actinopterygii', 'Zeiformes', 'Oreosomatidae', 'Allocyttus', 127422, '', '', '', '', '', '', ''),
(13, '', 'Allothunnus fallai', 'Animalia', 'Chordata', 'Actinopterygii', 'Perciformes', 'Scombridae', 'Allothunnus', 219707, '', '', '', '', '', '', ''),
(14, '', 'Alopias superciliosus', 'Animalia', 'Chordata', 'Elasmobranchii', 'Lamniformes', 'Alopiidae', 'Alopias', 105835, '', '', '', '', '', '', ''),
(15, 'Pejezorro - Tiburón Zorro', 'Alopias vulpinus', 'Animalia', 'Chordata', 'Elasmobranchii', 'Lamniformes', 'Alopiidae', 'Alopias', 105836, '', '', '', '', '', '', ''),
(16, '', 'Aluterus monoceros', 'Animalia', 'Chordata', 'Actinopterygii', 'Tetraodontiformes', 'Monacanthidae', 'Aluterus', 127407, '', '', '', '', '', '', ''),
(17, '', 'Amblyraja doellojuradoi', 'Animalia', 'Chordata', 'Elasmobranchii', 'Rajiformes', 'Rajidae', 'Amblyraja', 271500, '', '', '', '', '', '', ''),
(18, '', 'Amblyraja georgiana', 'Animalia', 'Chordata', 'Elasmobranchii', 'Rajiformes', 'Rajidae', 'Amblyraja', 234607, '', '', '', '', '', '', ''),
(19, '', 'Ameiurus melas', 'Animalia', 'Chordata', 'Actinopterygii', 'Siluriformes', 'Ictaluridae', 'Ameiurus', 154205, '', '', '', '', '', '', ''),
(20, '', 'Ameiurus nebulosus', 'Animalia', 'Chordata', 'Actinopterygii', 'Siluriformes', 'Ictaluridae', 'Ameiurus', 154370, '', '', '', '', '', '', ''),
(21, '', 'Anarchias seychellensis', 'Animalia', 'Chordata', 'Actinopterygii', 'Anguilliformes', 'Muraenidae', 'Anarchias', 217465, '', '', '', '', '', '', ''),
(22, '', 'Anatolanthias apiomycter', 'Animalia', 'Chordata', 'Actinopterygii', 'Perciformes', 'Serranidae', 'Anatolanthias', 279606, '', '', '', '', '', '', ''),
(23, 'Sargo ', 'Anisotremus scapularis', 'Animalia', 'Chordata', 'Actinopterygii', 'Perciformes', 'Haemulidae', 'Anisotremus', 279622, '', '', '', '', '', '', ''),
(24, '', 'Anoplogaster cornuta', 'Animalia', 'Chordata', 'Actinopterygii', 'Beryciformes', 'Anoplogastridae', 'Anoplogaster', 126393, '', '', '', '', '', '', ''),
(25, '', 'Anotopterus vorax', 'Animalia', 'Chordata', 'Actinopterygii', 'Aulopiformes', 'Anotopteridae', 'Anotopterus', 234827, '', '', '', '', '', '', ''),
(26, '', 'Antennarius randalli', 'Animalia', 'Chordata', 'Actinopterygii', 'Lophiiformes', 'Antennariidae', 'Antennarius', 272542, '', '', '', '', '', '', ''),
(27, '', 'Antennatus coccineus', 'Animalia', 'Chordata', 'Actinopterygii', 'Lophiiformes', 'Antennariidae', 'Antennatus', 712501, '', '', '', '', '', '', ''),
(28, '', 'Antennatus nummifer', 'Animalia', 'Chordata', 'Actinopterygii', 'Lophiiformes', 'Antennariidae', 'Antennatus', 712504, '', '', '', '', '', '', ''),
(29, '', 'Antimora rostrata', 'Animalia', 'Chordata', 'Actinopterygii', 'Gadiformes', 'Moridae', 'Antimora', 126486, '', '', '', '', '', '', ''),
(30, 'Peje bagre ', 'Aphos porosus', 'Animalia', 'Chordata', 'Actinopterygii', 'Batrachoidiformes', 'Batrachoididae', 'Aphos', 279640, '', '', '', '', '', '', ''),
(31, 'Peladilla ', 'Aplochiton taeniatus', 'Animalia', 'Chordata', 'Actinopterygii', 'Osmeriformes', 'Galaxiidae', 'Aplochiton', 279654, '', '', '', '', '', '', ''),
(32, 'Aplochiton ', 'Aplochiton zebra', 'Animalia', 'Chordata', 'Actinopterygii', 'Osmeriformes', 'Galaxiidae', 'Aplochiton', 279655, '', '', '', '', '', '', ''),
(33, 'Jerguilla', 'Aplodactylus punctatus', 'Animalia', 'Chordata', 'Actinopterygii', 'Perciformes', 'Aplodactylidae', 'Aplodactylus', 279659, 'Habita desde Paita Perú hasta el Golfo de Arauco Chile', 'Presenta cuerpo oblongo - comprimido lateralmente. Aleta dorsal hendida entre la posición espinosa y la porción blanda - la porción blanda presenta entre 18 a 20 radios - mientras que la porción espinosa se compone de 14 a 15 espinas aletas pectorales con rayos inferiores de vértices completamente libres de membrana. Posee boca pequeña en relación al cuerpo - y de labios gruesos. La coloración común es amarillo grisáceo con pequeñas manchas en todo el cuerpo. Existen tres variaciones cromáticas para esta especie - en las cuales puede dominar el color Verde mas común amarillenta y blanquecina mas escasa denominada Jerguilla Reina. Análisis merísticos indican que se trata de la misma especie.', 'Habita el submareal somero en fondos rocosos y en cercanía a bosques de macroalgas. Es una especie de hábitos herbívoros y muy territorial. Las tallas registradas para esta especie varían entre 26 a 40 cm. para el norte de Chile. Y alcanzaría una talla máxima de 55 cm. a los 15 años.', 'No es explotado por pesquería comercial. La explotación de esta especie es realizada por pescadores artesanales y buzos - para ser comercializada en mercados locales y caletas.', 'Se reproduce entre agosto y septiembre en la zona central', '', ''),
(34, '', 'Apogon chalcius', 'Animalia', 'Chordata', 'Actinopterygii', 'Perciformes', 'Apogonidae', 'Apogon', 272994, '', '', '', '', '', '', ''),
(35, '', 'Apristurus brunneus', 'Animalia', 'Chordata', 'Elasmobranchii', 'Carcharhiniformes', 'Pentanchidae', 'Apristurus', 158512, '', '', '', '', '', '', ''),
(36, '', 'Apristurus nasutus', 'Animalia', 'Chordata', 'Elasmobranchii', 'Carcharhiniformes', 'Pentanchidae', 'Apristurus', 105810, '', '', '', '', '', '', ''),
(37, '', 'Arctozenus risso', 'Animalia', 'Chordata', 'Actinopterygii', 'Aulopiformes', 'Paralepididae', 'Arctozenus', 126352, '', '', '', '', '', '', ''),
(38, '', 'Argentina striata', 'Animalia', 'Chordata', 'Actinopterygii', 'Osmeriformes', 'Argentinidae', 'Argentina', 158718, '', '', '', '', '', '', ''),
(39, '', 'Argyropelecus aculeatus', 'Animalia', 'Chordata', 'Actinopterygii', 'Stomiiformes', 'Sternoptychidae', 'Argyropelecus', 127306, '', '', '', '', '', '', ''),
(40, '', 'Argyropelecus affinis', 'Animalia', 'Chordata', 'Actinopterygii', 'Stomiiformes', 'Sternoptychidae', 'Argyropelecus', 127307, '', '', '', '', '', '', ''),
(41, '', 'Argyropelecus gigas', 'Animalia', 'Chordata', 'Actinopterygii', 'Stomiiformes', 'Sternoptychidae', 'Argyropelecus', 127308, '', '', '', '', '', '', ''),
(42, '', 'Argyropelecus hemigymnus', 'Animalia', 'Chordata', 'Actinopterygii', 'Stomiiformes', 'Sternoptychidae', 'Argyropelecus', 127309, '', '', '', '', '', '', ''),
(43, '', 'Argyropelecus lychnus', 'Animalia', 'Chordata', 'Actinopterygii', 'Stomiiformes', 'Sternoptychidae', 'Argyropelecus', 158836, '', '', '', '', '', '', ''),
(44, '', 'Argyropelecus olfersii', 'Animalia', 'Chordata', 'Actinopterygii', 'Stomiiformes', 'Sternoptychidae', 'Argyropelecus', 274967, '', '', '', '', '', '', ''),
(45, '', 'Argyropelecus sladeni', 'Animalia', 'Chordata', 'Actinopterygii', 'Stomiiformes', 'Sternoptychidae', 'Argyropelecus', 158837, '', '', '', '', '', '', ''),
(46, '', 'Aristostomias tittmanni', 'Animalia', 'Chordata', 'Actinopterygii', 'Stomiiformes', 'Stomiidae', 'Aristostomias', 127319, '', '', '', '', '', '', ''),
(47, '', 'Arnoglossus multirastris', 'Animalia', 'Chordata', 'Actinopterygii', 'Pleuronectiformes', 'Bothidae', 'Arnoglossus', 274171, '', '', '', '', '', '', ''),
(48, '', 'Arothron meleagris', 'Animalia', 'Chordata', 'Actinopterygii', 'Tetraodontiformes', 'Tetraodontidae', 'Arothron', 219926, '', '', '', '', '', '', ''),
(49, '', 'Assurger anzac', 'Animalia', 'Chordata', 'Actinopterygii', 'Perciformes', 'Trichiuridae', 'Assurger', 279766, '', '', '', '', '', '', ''),
(50, '', 'Astronesthes boulengeri', 'Animalia', 'Chordata', 'Actinopterygii', 'Stomiiformes', 'Stomiidae', 'Astronesthes', 217621, '', '', '', '', '', '', ''),
(51, '', 'Astronesthes indicus', 'Animalia', 'Chordata', 'Actinopterygii', 'Stomiiformes', 'Stomiidae', 'Astronesthes', 127323, '', '', '', '', '', '', ''),
(52, '', 'Astronesthes luetkeni', 'Animalia', 'Chordata', 'Actinopterygii', 'Stomiiformes', 'Stomiidae', 'Astronesthes', 275031, '', '', '', '', '', '', ''),
(53, '', 'Atherinella nocturna', 'Animalia', 'Chordata', 'Actinopterygii', 'Atheriniformes', 'Atherinopsidae', 'Atherinella', 279805, '', '', '', '', '', '', ''),
(54, '', 'Auchenionchus crinitus', 'Animalia', 'Chordata', 'Actinopterygii', 'Perciformes', 'Labrisomidae', 'Auchenionchus', 279828, '', '', '', '', '', '', ''),
(55, '', 'Auchenionchus microcirrhis', 'Animalia', 'Chordata', 'Actinopterygii', 'Perciformes', 'Labrisomidae', 'Auchenionchus', 279829, '', '', '', '', '', '', ''),
(56, '', 'Auchenionchus variolosus', 'Animalia', 'Chordata', 'Actinopterygii', 'Perciformes', 'Labrisomidae', 'Auchenionchus', 279830, '', '', '', '', '', '', ''),
(57, '', 'Aulostomus chinensis', 'Animalia', 'Chordata', 'Actinopterygii', 'Syngnathiformes', 'Aulostomidae', 'Aulostomus', 217964, '', '', '', '', '', '', ''),
(58, 'Chanchito de agua dulce', 'Australoheros facetus', 'Animalia', 'Chordata', 'Actinopterygii', 'Perciformes', 'Cichlidae', 'Australoheros', 0, '', '', '', '', '', '', ''),
(59, '', 'Austrolycus depressiceps', 'Animalia', 'Chordata', 'Actinopterygii', 'Perciformes', 'Zoarcidae', 'Austrolycus', 279843, '', '', '', '', '', '', ''),
(60, '', 'Austrolycus laticinctus', 'Animalia', 'Chordata', 'Actinopterygii', 'Perciformes', 'Zoarcidae', 'Austrolycus', 279844, '', '', '', '', '', '', ''),
(61, 'Barrilete negro', 'Auxis rochei rochei', 'Animalia', 'Chordata', 'Actinopterygii', 'Perciformes', 'Scombridae', 'Auxis', 236487, '', '', '', '', '', '', ''),
(62, '', 'Avocettina bowersii', 'Animalia', 'Chordata', 'Actinopterygii', 'Anguilliformes', 'Nemichthyidae', 'Avocettina', 271904, '', '', '', '', '', '', ''),
(63, '', 'Bajacalifornia burragei', 'Animalia', 'Chordata', 'Actinopterygii', 'Osmeriformes', 'Alepocephalidae', 'Bajacalifornia', 272857, '', '', '', '', '', '', ''),
(64, '', 'Bajacalifornia megalops', 'Animalia', 'Chordata', 'Actinopterygii', 'Osmeriformes', 'Alepocephalidae', 'Bajacalifornia', 126687, '', '', '', '', '', '', ''),
(65, '', 'Barbantus curvifrons', 'Animalia', 'Chordata', 'Actinopterygii', 'Osmeriformes', 'Platytroctidae', 'Barbantus', 126738, '', '', '', '', '', '', ''),
(66, 'Pejerrey chileno', 'Basilichthys australis', 'Animalia', 'Chordata', 'Actinopterygii', 'Atheriniformes', 'Atherinopsidae', 'Basilichthys', 0, '', '', '', '', '', '', ''),
(67, 'Pejerrey del norte chico', 'Basilichthys microlepidotus', 'Animalia', 'Chordata', 'Actinopterygii', 'Atheriniformes', 'Atherinopsidae', 'Basilichthys', 0, '', '', '', '', '', '', ''),
(68, '', 'Bassanago albescens', 'Animalia', 'Chordata', 'Actinopterygii', 'Anguilliformes', 'Congridae', 'Bassanago', 313889, '', '', '', '', '', '', ''),
(69, '', 'Bassanago nielseni', 'Animalia', 'Chordata', 'Actinopterygii', 'Anguilliformes', 'Congridae', 'Bassanago', 412694, '', '', '', '', '', '', ''),
(70, '', 'Bathophilus ater', 'Animalia', 'Chordata', 'Actinopterygii', 'Stomiiformes', 'Stomiidae', 'Bathophilus', 217610, '', '', '', '', '', '', ''),
(71, '', 'Bathophilus brevis', 'Animalia', 'Chordata', 'Actinopterygii', 'Stomiiformes', 'Stomiidae', 'Bathophilus', 127329, '', '', '', '', '', '', ''),
(72, '', 'Bathophilus filifer', 'Animalia', 'Chordata', 'Actinopterygii', 'Stomiiformes', 'Stomiidae', 'Bathophilus', 275045, '', '', '', '', '', '', ''),
(73, '', 'Bathophilus kingi', 'Animalia', 'Chordata', 'Actinopterygii', 'Stomiiformes', 'Stomiidae', 'Bathophilus', 275047, '', '', '', '', '', '', ''),
(74, '', 'Bathophilus longipinnis', 'Animalia', 'Chordata', 'Actinopterygii', 'Stomiiformes', 'Stomiidae', 'Bathophilus', 158846, '', '', '', '', '', '', ''),
(75, '', 'Bathycongrus varidens', 'Animalia', 'Chordata', 'Actinopterygii', 'Anguilliformes', 'Congridae', 'Bathycongrus', 276877, '', '', '', '', '', '', ''),
(76, '', 'Bathylagoides nigrigenys', 'Animalia', 'Chordata', 'Actinopterygii', 'Osmeriformes', 'Bathylagidae', 'Bathylagoides', 712443, '', '', '', '', '', '', ''),
(77, '', 'Bathylychnops chilensis', 'Animalia', 'Chordata', 'Actinopterygii', 'Osmeriformes', 'Opisthoproctidae', 'Bathylychnops', 712447, '', '', '', '', '', '', ''),
(78, '', 'Bathypterois atricolor', 'Animalia', 'Chordata', 'Actinopterygii', 'Aulopiformes', 'Ipnopidae', 'Bathypterois', 221394, '', '', '', '', '', '', ''),
(79, '', 'Bathypterois pectinatus', 'Animalia', 'Chordata', 'Actinopterygii', 'Aulopiformes', 'Ipnopidae', 'Bathypterois', 272075, '', '', '', '', '', '', ''),
(80, '', 'Bathypterois ventralis', 'Animalia', 'Chordata', 'Actinopterygii', 'Aulopiformes', 'Ipnopidae', 'Bathypterois', 272076, '', '', '', '', '', '', ''),
(81, '', 'Bathyraja albomaculata', 'Animalia', 'Chordata', 'Elasmobranchii', 'Rajiformes', 'Arhynchobatidae', 'Bathyraja', 271505, '', '', '', '', '', '', ''),
(82, '', 'Bathyraja brachyurops', 'Animalia', 'Chordata', 'Elasmobranchii', 'Rajiformes', 'Arhynchobatidae', 'Bathyraja', 271509, '', '', '', '', '', '', ''),
(83, '', 'Bathyraja eatonii', 'Animalia', 'Chordata', 'Elasmobranchii', 'Rajiformes', 'Arhynchobatidae', 'Bathyraja', 234813, '', '', '', '', '', '', ''),
(84, '', 'Bathyraja griseocauda', 'Animalia', 'Chordata', 'Elasmobranchii', 'Rajiformes', 'Arhynchobatidae', 'Bathyraja', 234586, '', '', '', '', '', '', ''),
(85, '', 'Bathyraja longicauda', 'Animalia', 'Chordata', 'Elasmobranchii', 'Rajiformes', 'Arhynchobatidae', 'Bathyraja', 271518, '', '', '', '', '', '', ''),
(86, '', 'Bathyraja maccaini', 'Animalia', 'Chordata', 'Elasmobranchii', 'Rajiformes', 'Arhynchobatidae', 'Bathyraja', 234675, '', '', '', '', '', '', ''),
(87, '', 'Bathyraja magellanica', 'Animalia', 'Chordata', 'Elasmobranchii', 'Rajiformes', 'Arhynchobatidae', 'Bathyraja', 271521, '', '', '', '', '', '', ''),
(88, '', 'Bathyraja multispinis', 'Animalia', 'Chordata', 'Elasmobranchii', 'Rajiformes', 'Arhynchobatidae', 'Bathyraja', 271525, '', '', '', '', '', '', ''),
(89, '', 'Bathyraja peruana', 'Animalia', 'Chordata', 'Elasmobranchii', 'Rajiformes', 'Arhynchobatidae', 'Bathyraja', 271529, '', '', '', '', '', '', ''),
(90, '', 'Bathyraja schroederi', 'Animalia', 'Chordata', 'Elasmobranchii', 'Rajiformes', 'Arhynchobatidae', 'Bathyraja', 271532, '', '', '', '', '', '', ''),
(91, '', 'Bathysauropsis gracilis', 'Animalia', 'Chordata', 'Actinopterygii', 'Aulopiformes', 'Ipnopidae', 'Bathysauropsis', 217676, '', '', '', '', '', '', ''),
(92, '', 'Bathystethus orientale', 'Animalia', 'Chordata', 'Actinopterygii', 'Perciformes', 'Kyphosidae', 'Bathystethus', 279877, '', '', '', '', '', '', ''),
(93, '', 'Bembradium roseum', 'Animalia', 'Chordata', 'Actinopterygii', 'Scorpaeniformes', 'Bembridae', 'Bembradium', 279893, '', '', '', '', '', '', ''),
(94, '', 'Benthalbella elongata', 'Animalia', 'Chordata', 'Actinopterygii', 'Aulopiformes', 'Scopelarchidae', 'Benthalbella', 234655, '', '', '', '', '', '', ''),
(95, '', 'Benthalbella infans', 'Animalia', 'Chordata', 'Actinopterygii', 'Aulopiformes', 'Scopelarchidae', 'Benthalbella', 126365, '', '', '', '', '', '', ''),
(96, '', 'Benthalbella macropinna', 'Animalia', 'Chordata', 'Actinopterygii', 'Aulopiformes', 'Scopelarchidae', 'Benthalbella', 217722, '', '', '', '', '', '', ''),
(97, '', 'Benthodesmus elongatus', 'Animalia', 'Chordata', 'Actinopterygii', 'Perciformes', 'Trichiuridae', 'Benthodesmus', 127086, '', '', '', '', '', '', ''),
(98, 'Alfonsino ', 'Beryx splendens', 'Animalia', 'Chordata', 'Actinopterygii', 'Beryciformes', 'Berycidae', 'Beryx', 126395, '', '', '', '', '', '', ''),
(99, '', 'Bodianus diplotaenia', 'Animalia', 'Chordata', 'Actinopterygii', 'Perciformes', 'Labridae', 'Bodianus', 273527, '', '', '', '', '', '', ''),
(100, '', 'Bodianus eclancheri', 'Animalia', 'Chordata', 'Actinopterygii', 'Perciformes', 'Labridae', 'Bodianus', 273528, '', '', '', '', '', '', ''),
(101, '', 'Borostomias antarcticus', 'Animalia', 'Chordata', 'Actinopterygii', 'Stomiiformes', 'Stomiidae', 'Borostomias', 127334, '', '', '', '', '', '', ''),
(102, '', 'Borostomias panamensis', 'Animalia', 'Chordata', 'Actinopterygii', 'Stomiiformes', 'Stomiidae', 'Borostomias', 275052, '', '', '', '', '', '', ''),
(103, '', 'Bothus mancus', 'Animalia', 'Chordata', 'Actinopterygii', 'Pleuronectiformes', 'Bothidae', 'Bothus', 219796, '', '', '', '', '', '', ''),
(104, 'Torito ', 'Bovichtus chilensis', 'Animalia', 'Chordata', 'Actinopterygii', 'Perciformes', 'Bovichtidae', 'Bovichtus', 234684, '', '', '', '', '', '', ''),
(105, 'Peladilla', 'Brachygalaxias bullocki', 'Animalia', 'Chordata', 'Actinopterygii', 'Osmeriformes', 'Galaxiidae', 'Brachygalaxia', 0, '', '', '', '', '', '', ''),
(106, '', 'Brachygalaxias gothei', 'Animalia', 'Chordata', 'Actinopterygii', 'Osmeriformes', 'Galaxiidae', 'Brachygalaxia', 0, '', '', '', '', '', '', ''),
(107, 'Reineta ', 'Brama australis', 'Animalia', 'Chordata', 'Actinopterygii', 'Perciformes', 'Bramidae', 'Brama', 273146, '', '', '', '', '', '', ''),
(108, '', 'Brama brama', 'Animalia', 'Chordata', 'Actinopterygii', 'Perciformes', 'Bramidae', 'Brama', 126783, '', '', '', '', '', '', ''),
(109, '', 'Brama dussumieri', 'Animalia', 'Chordata', 'Actinopterygii', 'Perciformes', 'Bramidae', 'Brama', 221416, '', '', '', '', '', '', ''),
(110, 'Bagrecito', 'Bullockia maldonadoi', 'Animalia', 'Chordata', 'Actinopterygii', 'Siluriformes', 'Trichomycteridae', 'Bullockia', 0, '', '', '', '', '', '', ''),
(111, '', 'Bythaelurus canescens', 'Animalia', 'Chordata', 'Elasmobranchii', 'Carcharhiniformes', 'Scyliorhinidae', 'Bythaelurus', 316762, '', '', '', '', '', '', ''),
(112, 'Nudibranquio', 'Cadlina sparsa', 'Animalia', 'Mollusca', 'Gastropoda', 'Nudibranchia', 'Cadlinidae', 'Cadlina', 430397, '', '', '', '', '', '', ''),
(113, 'Tromboyo ', 'Calliclinus geniguttatus', 'Animalia', 'Chordata', 'Actinopterygii', 'Perciformes', 'Labrisomidae', 'Calliclinus', 280022, '', '', '', '', '', '', ''),
(114, '', 'Calliclinus nudiventris', 'Animalia', 'Chordata', 'Actinopterygii', 'Perciformes', 'Labrisomidae', 'Calliclinus', 280023, '', '', '', '', '', '', ''),
(115, 'Pejegallo - Achagual', 'Callorhinchus callorynchus', 'Animalia', 'Chordata', 'Holocephali', 'Chimaeriformes', 'Callorhinchidae', 'Callorhinchus', 278468, '', '', '', '', '', '', ''),
(116, '', 'Cantherhines tiki', 'Animalia', 'Chordata', 'Actinopterygii', 'Tetraodontiformes', 'Monacanthidae', 'Cantherhines', 276254, '', '', '', '', '', '', ''),
(117, '', 'Caprodon schlegelii', 'Animalia', 'Chordata', 'Actinopterygii', 'Perciformes', 'Serranidae', 'Caprodon', 280031, '', '', '', '', '', '', ''),
(118, '', 'Carassius auratus', 'Animalia', 'Chordata', 'Actinopterygii', 'Cypriniformes', 'Cyprinidae', 'Carassius', 0, '', '', '', '', '', '', ''),
(119, 'Carpín', 'Carassius carassius', 'Animalia', 'Chordata', 'Actinopterygii', 'Cypriniformes', 'Cyprinidae', 'Carassius', 154297, '', '', '', '', '', '', ''),
(120, '', 'Carcharhinus falciformis', 'Animalia', 'Chordata', 'Elasmobranchii', 'Carcharhiniformes', 'Carcharhinidae', 'Carcharhinus', 105789, '', '', '', '', '', '', ''),
(121, '', 'Carcharhinus galapagensis', 'Animalia', 'Chordata', 'Elasmobranchii', 'Carcharhiniformes', 'Carcharhinidae', 'Carcharhinus', 105790, '', '', '', '', '', '', ''),
(122, '', 'Carcharodon carcharias', 'Animalia', 'Chordata', 'Elasmobranchii', 'Lamniformes', 'Lamnidae', 'Carcharodon', 105838, '', '', '', '', '', '', ''),
(123, '', 'Careproctus atakamensis', 'Animalia', 'Chordata', 'Actinopterygii', 'Scorpaeniformes', 'Liparidae', 'Careproctus', 306205, '', '', '', '', '', '', ''),
(124, '', 'Careproctus continentalis', 'Animalia', 'Chordata', 'Actinopterygii', 'Scorpaeniformes', 'Liparidae', 'Careproctus', 274417, '', '', '', '', '', '', ''),
(125, '', 'Careproctus falklandicus', 'Animalia', 'Chordata', 'Actinopterygii', 'Scorpaeniformes', 'Liparidae', 'Careproctus', 274426, '', '', '', '', '', '', ''),
(126, '', 'Careproctus pallidus', 'Animalia', 'Chordata', 'Actinopterygii', 'Scorpaeniformes', 'Liparidae', 'Careproctus', 274455, '', '', '', '', '', '', ''),
(127, '', 'Careproctus steini', 'Animalia', 'Chordata', 'Actinopterygii', 'Scorpaeniformes', 'Liparidae', 'Careproctus', 234787, '', '', '', '', '', '', ''),
(128, '', 'Cataetyx messieri', 'Animalia', 'Chordata', 'Actinopterygii', 'Ophidiiformes', 'Bythitidae', 'Cataetyx', 272764, '', '', '', '', '', '', ''),
(129, '', 'Cataetyx rubrirostris', 'Animalia', 'Chordata', 'Actinopterygii', 'Ophidiiformes', 'Bythitidae', 'Cataetyx', 272767, '', '', '', '', '', '', ''),
(130, '', 'Cataetyx simus', 'Animalia', 'Chordata', 'Actinopterygii', 'Ophidiiformes', 'Bythitidae', 'Cataetyx', 272768, '', '', '', '', '', '', ''),
(131, '', 'Caulolatilus princeps', 'Animalia', 'Chordata', 'Actinopterygii', 'Perciformes', 'Malacanthidae', 'Caulolatilus', 276217, '', '', '', '', '', '', ''),
(132, '', 'Centrobranchus nigroocellatus', 'Animalia', 'Chordata', 'Actinopterygii', 'Myctophiformes', 'Myctophidae', 'Centrobranchus', 126584, '', '', '', '', '', '', ''),
(133, '', 'Centrodraco gegonipus', 'Animalia', 'Chordata', 'Actinopterygii', 'Perciformes', 'Draconettidae', 'Centrodraco', 273387, '', '', '', '', '', '', ''),
(134, '', 'Centrodraco striatus', 'Animalia', 'Chordata', 'Actinopterygii', 'Perciformes', 'Draconettidae', 'Centrodraco', 273395, '', '', '', '', '', '', ''),
(135, '', 'Centrophorus squamosus', 'Animalia', 'Chordata', 'Elasmobranchii', 'Squaliformes', 'Centrophoridae', 'Centrophorus', 105901, '', '', '', '', '', '', ''),
(136, '', 'Centroscyllium granulatum', 'Animalia', 'Chordata', 'Elasmobranchii', 'Squaliformes', 'Etmopteridae', 'Centroscyllium', 271621, '', '', '', '', '', '', ''),
(137, '', 'Centroscyllium nigrum', 'Animalia', 'Chordata', 'Elasmobranchii', 'Squaliformes', 'Etmopteridae', 'Centroscyllium', 271623, '', '', '', '', '', '', ''),
(138, '', 'Centroscymnus crepidater', 'Animalia', 'Chordata', 'Elasmobranchii', 'Squaliformes', 'Somniosidae', 'Centroscymnus', 105908, '', '', '', '', '', '', ''),
(139, '', 'Centroscymnus macracanthus', 'Animalia', 'Chordata', 'Elasmobranchii', 'Squaliformes', 'Somniosidae', 'Centroscymnus', 299086, '', '', '', '', '', '', ''),
(140, '', 'Centroscymnus owstonii', 'Animalia', 'Chordata', 'Elasmobranchii', 'Squaliformes', 'Somniosidae', 'Centroscymnus', 299089, '', '', '', '', '', '', ''),
(141, '', 'Cephaloscyllium ventriosum', 'Animalia', 'Chordata', 'Elasmobranchii', 'Carcharhiniformes', 'Scyliorhinidae', 'Cephaloscyllium', 277105, '', '', '', '', '', '', ''),
(142, '', 'Cetonurus crassiceps', 'Animalia', 'Chordata', 'Actinopterygii', 'Gadiformes', 'Macrouridae', 'Cetonurus', 272312, '', '', '', '', '', '', ''),
(143, '', 'Cetorhinus maximus', 'Animalia', 'Chordata', 'Elasmobranchii', 'Lamniformes', 'Cetorhinidae', 'Cetorhinus', 105837, '', '', '', '', '', '', ''),
(144, '', 'Chaenophryne longiceps', 'Animalia', 'Chordata', 'Actinopterygii', 'Lophiiformes', 'Oneirodidae', 'Chaenophryne', 126560, '', '', '', '', '', '', ''),
(145, '', 'Chaenophryne melanorhabdus', 'Animalia', 'Chordata', 'Actinopterygii', 'Lophiiformes', 'Oneirodidae', 'Chaenophryne', 272616, '', '', '', '', '', '', ''),
(146, '', 'Chaenophryne quasiramifera', 'Animalia', 'Chordata', 'Actinopterygii', 'Lophiiformes', 'Oneirodidae', 'Chaenophryne', 398423, '', '', '', '', '', '', ''),
(147, '', 'Chaenophryne ramifera', 'Animalia', 'Chordata', 'Actinopterygii', 'Lophiiformes', 'Oneirodidae', 'Chaenophryne', 272617, '', '', '', '', '', '', ''),
(148, '', 'Champsocephalus esox', 'Animalia', 'Chordata', 'Actinopterygii', 'Perciformes', 'Channichthyidae', 'Champsocephalus', 234719, '', '', '', '', '', '', ''),
(149, 'Draco rayado', 'Champsocephalus gunnari', 'Animalia', 'Chordata', 'Actinopterygii', 'Perciformes', 'Channichthyidae', 'Champsocephalus', 234797, '', '', '', '', '', '', ''),
(150, '', 'Chauliodus barbatus', 'Animalia', 'Chordata', 'Actinopterygii', 'Stomiiformes', 'Stomiidae', 'Chauliodus', 275053, '', '', '', '', '', '', ''),
(151, '', 'Chauliodus sloani', 'Animalia', 'Chordata', 'Actinopterygii', 'Stomiiformes', 'Stomiidae', 'Chauliodus', 127338, '', '', '', '', '', '', ''),
(152, '', 'Chauliodus vasnetzovi', 'Animalia', 'Chordata', 'Actinopterygii', 'Stomiiformes', 'Stomiidae', 'Chauliodus', 275059, '', '', '', '', '', '', ''),
(153, 'Bilagay - Pintacha - Pintadill', 'Cheilodactylus variegatus', 'Animalia', 'Chordata', 'Actinopterygii', 'Perciformes', 'Cheilodactylidae', 'Cheilodactylus', 278156, 'Desde Paita en Perú hasta bahía Metri en Chile 41°36’S - 72°43’W),.', 'Cuerpo oblongo - comprimido y de dorso algo elevado. Aleta pectoral entera con los 5 ó 6 radios inferiores engrosados y no ramificados - con sólo los extremos libres una aleta dorsal hendida o muesqueada entre las porciones espinosas y blandas pero no separadas. Labios moderadamente gruesos. En la coloración resaltan  de 6 a 7 bandas verticales. Los rebordes y los vértices de las aletas caudal - anal - ventrales y pectorales - resaltan en ejemplares frescos por el vivo color rojo-anaranjado.', 'Forma pequeños cardúmenes en las inmediaciones de bosques de huiro con fondo rocoso - en esta ambiente obtiene una gran variedad de presas como moluscos - crustáceos - poliquetos y equinodermos - clasificándose como una especie carnívora.', 'Económicamente para el país no es importante ya que aún no aparece en las estadísticas pesqueras - debido a su regionalidad y al poco volumen de su captura - se encuentra rara vez en los mercados por su ocasional pesquería artesanal.', 'Temporada de desove aparentemente parcial en Chile entre Enero y Mayo - talla de primera madurez sexual 27 cm de longitud total para hembras.', '', '/img/especies/Bilagay.jpg'),
(154, 'Pocha del sur', 'Cheirodon australe', 'Animalia', 'Chordata', 'Actinopterygii', 'Characiformes', 'Characidae', 'Cheirodon', 0, '', '', '', '', '', '', ''),
(155, 'Pocha de los lagos', 'Cheirodon galgusdae', 'Animalia', 'Chordata', 'Actinopterygii', 'Characiformes', 'Characidae', 'Cheirodon', 0, '', '', '', '', '', '', ''),
(156, 'Pocha ', 'Cheirodon galusdai', 'Animalia', 'Chordata', 'Actinopterygii', 'Characiformes', 'Characidae', 'Cheirodon', 0, '', '', '', '', '', '', ''),
(157, '', 'Cheirodon interruptus', 'Animalia', 'Chordata', 'Actinopterygii', 'Characiformes', 'Characidae', 'Cheirodon', 0, '', '', '', '', '', '', ''),
(158, 'Pocha', 'Cheirodon kiliani', 'Animalia', 'Chordata', 'Actinopterygii', 'Characiformes', 'Characidae', 'Cheirodon', 0, '', '', '', '', '', '', ''),
(159, 'Pocha ', 'Cheirodon pisciculus', 'Animalia', 'Chordata', 'Actinopterygii', 'Characiformes', 'Characidae', 'Cheirodon', 0, '', '', '', '', '', '', ''),
(160, '', 'Cherublemma emmelas', 'Animalia', 'Chordata', 'Actinopterygii', 'Ophidiiformes', 'Ophidiidae', 'Cherublemma', 280144, '', '', '', '', '', '', ''),
(161, '', 'Chiasmodon subniger', 'Animalia', 'Chordata', 'Actinopterygii', 'Perciformes', 'Chiasmodontidae', 'Chiasmodon', 273379, '', '', '', '', '', '', ''),
(162, '', 'Chilomycterus reticulatus', 'Animalia', 'Chordata', 'Actinopterygii', 'Tetraodontiformes', 'Diodontidae', 'Chilomycterus', 219964, '', '', '', '', '', '', ''),
(163, '', 'Chlamydoselachus anguineus', 'Animalia', 'Chordata', 'Elasmobranchii', 'Hexanchiformes', 'Chlamydoselachidae', 'Chlamydoselachus', 105831, '', '', '', '', '', '', ''),
(164, '', 'Chlorophthalmus ichthyandri', 'Animalia', 'Chordata', 'Actinopterygii', 'Aulopiformes', 'Chlorophthalmidae', 'Chlorophthalmus', 272057, '', '', '', '', '', '', ''),
(165, '', 'Chlorophthalmus proridens', 'Animalia', 'Chordata', 'Actinopterygii', 'Aulopiformes', 'Chlorophthalmidae', 'Chlorophthalmus', 272061, '', '', '', '', '', '', ''),
(166, '', 'Chlorophthalmus zvezdae', 'Animalia', 'Chordata', 'Actinopterygii', 'Aulopiformes', 'Chlorophthalmidae', 'Chlorophthalmus', 272062, '', '', '', '', '', '', ''),
(167, 'Castañeta común', 'Chromis crusma', 'Animalia', 'Chordata', 'Actinopterygii', 'Perciformes', 'Pomacentridae', 'Chromis', 273717, '', '', '', '', '', '', ''),
(168, '', 'Chromis intercrusma', 'Animalia', 'Chordata', 'Actinopterygii', 'Perciformes', 'Pomacentridae', 'Chromis', 273732, '', '', '', '', '', '', ''),
(169, 'Corvina ', 'Cilus gilberti', 'Animalia', 'Chordata', 'Actinopterygii', 'Perciformes', 'Sciaenidae', 'Cilus', 280187, '', '', '', '', '', '', ''),
(170, '', 'Cirripectes alboapicalis', 'Animalia', 'Chordata', 'Actinopterygii', 'Perciformes', 'Blenniidae', 'Cirripectes', 276716, '', '', '', '', '', '', ''),
(171, 'Sardina del sur ', 'Clupea bentincki', 'Animalia', 'Chordata', 'Actinopterygii', 'Clupeiformes', 'Clupeidae', 'Clupea', 300368, '', '', '', '', '', '', ''),
(172, '', 'Cnesterodon decemmaculatus', 'Animalia', 'Chordata', 'Actinopterygii', 'Cyprinodontiformes', 'Poeciliidae', 'Cnesterodon', 280226, '', '', '', '', '', '', ''),
(173, '', 'Coccorella atlantica', 'Animalia', 'Chordata', 'Actinopterygii', 'Aulopiformes', 'Evermannellidae', 'Coccorella', 126337, '', '', '', '', '', '', ''),
(174, '', 'Coccorella atrata', 'Animalia', 'Chordata', 'Actinopterygii', 'Aulopiformes', 'Evermannellidae', 'Coccorella', 158740, '', '', '', '', '', '', ''),
(175, 'Pejerrata', 'Coelorinchus fasciatus ', 'Animalia', 'Chordata', 'Actinopterygii', 'Gadiformes', 'Macrouridae', 'Coelorinchus', 280277, '', '', '', '', '', '', ''),
(176, '', 'Coelorinchus aconcagua', 'Animalia', 'Chordata', 'Actinopterygii', 'Gadiformes', 'Macrouridae', 'Coelorinchus', 280244, '', '', '', '', '', '', ''),
(177, '', 'Coelorinchus chilensis', 'Animalia', 'Chordata', 'Actinopterygii', 'Gadiformes', 'Macrouridae', 'Coelorinchus', 280267, '', '', '', '', '', '', ''),
(178, '', 'Coelorinchus immaculatus', 'Animalia', 'Chordata', 'Actinopterygii', 'Gadiformes', 'Macrouridae', 'Coelorinchus', 280289, '', '', '', '', '', '', ''),
(179, '', 'Conger cinereus', 'Animalia', 'Chordata', 'Actinopterygii', 'Anguilliformes', 'Congridae', 'Conger', 217545, '', '', '', '', '', '', ''),
(180, '', 'Congiopodus kieneri', 'Animalia', 'Chordata', 'Actinopterygii', 'Scorpaeniformes', 'Congiopodidae', 'Congiopodus', 278355, '', '', '', '', '', '', ''),
(181, 'Cacique - Chanchito', 'Congiopodus peruvianus', 'Animalia', 'Chordata', 'Actinopterygii', 'Scorpaeniformes', 'Congiopodidae', 'Congiopodus', 278357, '', '', '', '', '', '', ''),
(182, '', 'Coregonus clupeaformis', 'Animalia', 'Chordata', 'Actinopterygii', 'Salmoniformes', 'Salmonidae', 'Coregonus', 158726, '', '', '', '', '', '', ''),
(183, 'Palometa - Dorado', 'Coryphaena hippurus', 'Animalia', 'Chordata', 'Actinopterygii', 'Perciformes', 'Coryphaenidae', 'Coryphaena', 126846, '', '', '', '', '', '', ''),
(184, '', 'Coryphaenoides ariommus', 'Animalia', 'Chordata', 'Actinopterygii', 'Gadiformes', 'Macrouridae', 'Coryphaenoides', 272317, '', '', '', '', '', '', ''),
(185, '', 'Coryphaenoides armatus', 'Animalia', 'Chordata', 'Actinopterygii', 'Gadiformes', 'Macrouridae', 'Coryphaenoides', 158952, '', '', '', '', '', '', ''),
(186, '', 'Coryphaenoides delsolari', 'Animalia', 'Chordata', 'Actinopterygii', 'Gadiformes', 'Macrouridae', 'Coryphaenoides', 272327, '', '', '', '', '', '', ''),
(187, '', 'Coryphaenoides fernandezianus', 'Animalia', 'Chordata', 'Actinopterygii', 'Gadiformes', 'Macrouridae', 'Coryphaenoides', 234835, '', '', '', '', '', '', ''),
(188, 'Toro de los Canales ', 'Cottoperca gobio', 'Animalia', 'Chordata', 'Actinopterygii', 'Perciformes', 'Bovichtidae', 'Cottoperca', 280409, '', '', '', '', '', '', ''),
(189, '', 'Cottunculus granulosus', 'Animalia', 'Chordata', 'Actinopterygii', 'Scorpaeniformes', 'Psychrolutidae', 'Cottunculus', 274665, '', '', '', '', '', '', ''),
(190, '', 'Crossostomus chilensis', 'Animalia', 'Chordata', 'Actinopterygii', 'Perciformes', 'Zoarcidae', 'Crossostomus', 280440, '', '', '', '', '', '', ''),
(191, '', 'Cryptopsaras couesii', 'Animalia', 'Chordata', 'Actinopterygii', 'Lophiiformes', 'Ceratiidae', 'Cryptopsaras', 126538, '', '', '', '', '', '', ''),
(192, '', 'Crystallodytes pauciradiatus', 'Animalia', 'Chordata', 'Actinopterygii', 'Perciformes', 'Creediidae', 'Crystallodytes', 280454, '', '', '', '', '', '', ''),
(193, '', 'Ctenochirichthys longimanus', 'Animalia', 'Chordata', 'Actinopterygii', 'Lophiiformes', 'Oneirodidae', 'Ctenochirichthys', 126561, '', '', '', '', '', '', ''),
(194, '', 'Cubiceps baxteri', 'Animalia', 'Chordata', 'Actinopterygii', 'Perciformes', 'Nomeidae', 'Cubiceps', 219745, '', '', '', '', '', '', ''),
(195, '', 'Cubiceps caeruleus', 'Animalia', 'Chordata', 'Actinopterygii', 'Perciformes', 'Nomeidae', 'Cubiceps', 273675, '', '', '', '', '', '', ''),
(196, '', 'Cubiceps pauciradiatus', 'Animalia', 'Chordata', 'Actinopterygii', 'Perciformes', 'Nomeidae', 'Cubiceps', 159424, '', '', '', '', '', '', ''),
(197, '', 'Cyclothone acclinidens', 'Animalia', 'Chordata', 'Actinopterygii', 'Stomiiformes', 'Gonostomatidae', 'Cyclothone', 127282, '', '', '', '', '', '', ''),
(198, '', 'Cyclothone alba', 'Animalia', 'Chordata', 'Actinopterygii', 'Stomiiformes', 'Gonostomatidae', 'Cyclothone', 127283, '', '', '', '', '', '', ''),
(199, '', 'Cyclothone braueri', 'Animalia', 'Chordata', 'Actinopterygii', 'Stomiiformes', 'Gonostomatidae', 'Cyclothone', 127284, '', '', '', '', '', '', ''),
(200, '', 'Cyclothone microdon', 'Animalia', 'Chordata', 'Actinopterygii', 'Stomiiformes', 'Gonostomatidae', 'Cyclothone', 127286, '', '', '', '', '', '', ''),
(201, '', 'Cyclothone pallida', 'Animalia', 'Chordata', 'Actinopterygii', 'Stomiiformes', 'Gonostomatidae', 'Cyclothone', 127288, '', '', '', '', '', '', ''),
(202, '', 'Cyclothone pseudopallida', 'Animalia', 'Chordata', 'Actinopterygii', 'Stomiiformes', 'Gonostomatidae', 'Cyclothone', 127289, '', '', '', '', '', '', ''),
(203, '', 'Cyclothone signata', 'Animalia', 'Chordata', 'Actinopterygii', 'Stomiiformes', 'Gonostomatidae', 'Cyclothone', 154831, '', '', '', '', '', '', ''),
(204, '', 'Cyema atrum', 'Animalia', 'Chordata', 'Actinopterygii', 'Saccopharyngiformes', 'Cyematidae', 'Cyema', 127164, '', '', '', '', '', '', ''),
(205, 'Ayanque - Cachema - Robalo', 'Cynoscion analis', 'Animalia', 'Chordata', 'Actinopterygii', 'Perciformes', 'Sciaenidae', 'Cynoscion', 276076, '', '', '', '', '', '', ''),
(206, 'Carpa ', 'Cyprinus carpio', 'Animalia', 'Chordata', 'Actinopterygii', 'Cypriniformes', 'Cyprinidae', 'Cyprinus', 154582, '', '', '', '', '', '', ''),
(207, '', 'Cyttomimus stelgis', 'Animalia', 'Chordata', 'Actinopterygii', 'Zeiformes', 'Zeniontidae', 'Cyttomimus', 280469, '', '', '', '', '', '', ''),
(208, '', 'Dactylopsaron dimorphicum', 'Animalia', 'Chordata', 'Actinopterygii', 'Perciformes', 'Percophidae', 'Dactylopsaron', 280477, '', '', '', '', '', '', ''),
(209, '', 'Dadyanos insignis', 'Animalia', 'Chordata', 'Actinopterygii', 'Perciformes', 'Zoarcidae', 'Dadyanos', 280478, '', '', '', '', '', '', ''),
(210, '', 'Danaphos oculatus', 'Animalia', 'Chordata', 'Actinopterygii', 'Stomiiformes', 'Sternoptychidae', 'Danaphos', 280483, '', '', '', '', '', '', ''),
(211, '', 'Dasyatis brevis', 'Animalia', 'Chordata', 'Elasmobranchii', 'Rajiformes', 'Dasyatidae', 'Dasyatis', 271428, '', '', '', '', '', '', ''),
(212, '', 'Dasyatis dipterura', 'Animalia', 'Chordata', 'Elasmobranchii', 'Rajiformes', 'Dasyatidae', 'Dasyatis', 271430, '', '', '', '', '', '', ''),
(213, '', 'Deania calcea', 'Animalia', 'Chordata', 'Elasmobranchii', 'Squaliformes', 'Centrophoridae', 'Deania', 105903, '', '', '', '', '', '', ''),
(214, '', 'Derichthys serpentinus', 'Animalia', 'Chordata', 'Actinopterygii', 'Anguilliformes', 'Derichthyidae', 'Derichthys', 126291, '', '', '', '', '', '', ''),
(215, '', 'Diaphus ostenfeldi', 'Animalia', 'Chordata', 'Actinopterygii', 'Myctophiformes', 'Myctophidae', 'Diaphus', 217684, '', '', '', '', '', '', ''),
(216, '', 'Diaphus parri', 'Animalia', 'Chordata', 'Actinopterygii', 'Myctophiformes', 'Myctophidae', 'Diaphus', 217695, '', '', '', '', '', '', ''),
(217, 'Nudibranquio', 'Diaulula hispida', 'Animalia', 'Mollusca', 'Gastropoda', 'Nudibranchia', 'Discodorididae', 'Diaulula', 536811, '', '', '', '', '', '', ''),
(218, 'Nudibranquio', 'Diaulula punctuolata', 'Animalia', 'Mollusca', 'Gastropoda', 'Nudibranchia', 'Discodorididae', 'Diaulula', 532734, '', '', '', '', '', '', ''),
(219, '', 'Dibranchus spinosus', 'Animalia', 'Chordata', 'Actinopterygii', 'Lophiiformes', 'Ogcocephalidae', 'Dibranchus', 272613, '', '', '', '', '', '', ''),
(220, '', 'Dicrolene nigra', 'Animalia', 'Chordata', 'Actinopterygii', 'Ophidiiformes', 'Ophidiidae', 'Dicrolene', 275899, '', '', '', '', '', '', ''),
(221, '', 'Dieidolycus gosztonyii', 'Animalia', 'Chordata', 'Actinopterygii', 'Perciformes', 'Zoarcidae', 'Dieidolycus', 279371, '', '', '', '', '', '', ''),
(222, '', 'Diodon holocanthus', 'Animalia', 'Chordata', 'Actinopterygii', 'Tetraodontiformes', 'Diodontidae', 'Diodon', 127402, '', '', '', '', '', '', ''),
(223, '', 'Diodon hystrix', 'Animalia', 'Chordata', 'Actinopterygii', 'Tetraodontiformes', 'Diodontidae', 'Diodon', 127403, '', '', '', '', '', '', ''),
(224, '', 'Diogenichthys laternatus', 'Animalia', 'Chordata', 'Actinopterygii', 'Myctophiformes', 'Myctophidae', 'Diogenichthys', 272701, '', '', '', '', '', '', ''),
(225, '', 'Diplacanthopoma jordani', 'Animalia', 'Chordata', 'Actinopterygii', 'Ophidiiformes', 'Bythitidae', 'Diplacanthopoma', 275883, '', '', '', '', '', '', ''),
(226, '', 'Diplectrum conceptione', 'Animalia', 'Chordata', 'Actinopterygii', 'Perciformes', 'Serranidae', 'Diplectrum', 276177, '', '', '', '', '', '', ''),
(227, 'Bagre ', 'Diplomystes camposensis', 'Animalia', 'Chordata', 'Actinopterygii', 'Siluriformes', 'Diplomystidae', 'Dyplomystes', 0, '', '', '', '', '', '', ''),
(228, 'Tollo de agua dulce ', 'Diplomystes chilensis', 'Animalia', 'Chordata', 'Actinopterygii', 'Siluriformes', 'Diplomystidae', 'Dyplomystes', 0, '', '', '', '', '', '', ''),
(229, 'Bagre ', 'Diplomystes nahuelbutaensis', 'Animalia', 'Chordata', 'Actinopterygii', 'Siluriformes', 'Diplomystidae', 'Dyplomystes', 0, '', '', '', '', '', '', ''),
(230, '', 'Diplophos australis', 'Animalia', 'Chordata', 'Actinopterygii', 'Stomiiformes', 'Gonostomatidae', 'Diplophos', 274947, '', '', '', '', '', '', ''),
(231, '', 'Diplophos rebainsi', 'Animalia', 'Chordata', 'Actinopterygii', 'Stomiiformes', 'Gonostomatidae', 'Diplophos', 221452, '', '', '', '', '', '', ''),
(232, '', 'Diplophos taenia', 'Animalia', 'Chordata', 'Actinopterygii', 'Stomiiformes', 'Gonostomatidae', 'Diplophos', 127292, '', '', '', '', '', '', ''),
(233, '', 'Dipturus flavirostris', 'Animalia', 'Chordata', 'Elasmobranchii', 'Rajiformes', 'Rajidae', 'Dipturus', 271545, '', '', '', '', '', '', ''),
(234, '', 'Dipturus trachyderma', 'Animalia', 'Chordata', 'Elasmobranchii', 'Rajiformes', 'Rajidae', 'Dipturus', 271562, '', '', '', '', '', '', ''),
(235, '', 'Diretmus argenteus', 'Animalia', 'Chordata', 'Actinopterygii', 'Beryciformes', 'Diretmidae', 'Diretmus', 126398, '', '', '', '', '', '', ''),
(236, 'Raya eléctrica - Tembladera', 'Discopyge tschudii', 'Animalia', 'Chordata', 'Elasmobranchii', 'Torpediniformes', 'Narcinidae', 'Discopyge', 280568, '', '', '', '', '', '', ''),
(237, 'Bacalao de profundidad', 'Dissostichus eleginoides', 'Animalia', 'Chordata', 'Actinopterygii', 'Perciformes', 'Nototheniidae', 'Dissostichus', 234700, '', '', '', '', '', '', ''),
(238, '', 'Dolichopteryx longipes', 'Animalia', 'Chordata', 'Actinopterygii', 'Osmeriformes', 'Opisthoproctidae', 'Dolichopteryx', 126731, '', '', '', '', '', '', ''),
(239, '', 'Dolopichthys allector', 'Animalia', 'Chordata', 'Actinopterygii', 'Lophiiformes', 'Oneirodidae', 'Dolopichthys', 126562, '', '', '', '', '', '', ''),
(240, '', 'Dolopichthys longicornis', 'Animalia', 'Chordata', 'Actinopterygii', 'Lophiiformes', 'Oneirodidae', 'Dolopichthys', 126565, '', '', '', '', '', '', ''),
(241, '', 'Dolopichthys pullatus', 'Animalia', 'Chordata', 'Actinopterygii', 'Lophiiformes', 'Oneirodidae', 'Dolopichthys', 159205, '', '', '', '', '', '', ''),
(242, 'Nudibranquio', 'Doris fontainii', 'Animalia', 'Mollusca', 'Gastropoda', 'Nudibranchia', 'Dorididae', 'Doris', 536827, '', '', '', '', '', '', ''),
(243, '', 'Echinorhinus cookei', 'Animalia', 'Chordata', 'Elasmobranchii', 'Squaliformes', 'Echinorhinidae', 'Echinorhinus', 271656, '', '', '', '', '', '', ''),
(244, '', 'Echiodon cryomargarites', 'Animalia', 'Chordata', 'Actinopterygii', 'Ophidiiformes', 'Carapidae', 'Echiodon', 234602, '', '', '', '', '', '', ''),
(245, '', 'Edentoliparis terraenovae', 'Animalia', 'Chordata', 'Actinopterygii', 'Scorpaeniformes', 'Liparidae', 'Edentoliparis', 234699, '', '', '', '', '', '', ''),
(246, '', 'Eknomoliparis chirichignoae', 'Animalia', 'Chordata', 'Actinopterygii', 'Scorpaeniformes', 'Liparidae', 'Eknomoliparis', 280596, '', '', '', '', '', '', ''),
(247, 'Remoremo', 'Elagatis bipinnulata', 'Animalia', 'Chordata', 'Actinopterygii', 'Perciformes', 'Carangidae', 'Elagatis', 126809, '', '', '', '', '', '', ''),
(248, '', 'Electrona subaspera', 'Animalia', 'Chordata', 'Actinopterygii', 'Myctophiformes', 'Myctophidae', 'Electrona', 234791, '', '', '', '', '', '', ''),
(249, 'Róbalo patagónico', 'Eleginops maclovinus', 'Animalia', 'Chordata', 'Actinopterygii', 'Perciformes', 'Eleginopsidae', 'Eleginops', 280634, '', '', '', '', '', '', ''),
(250, '', 'Emmelichthys nitidus cyanescens', 'Animalia', 'Chordata', 'Actinopterygii', 'Perciformes', 'Emmelichthyidae', 'Emmelichthys', 293590, '', '', '', '', '', '', ''),
(251, '', 'Emmelichthys nitidus nitidus', 'Animalia', 'Chordata', 'Actinopterygii', 'Perciformes', 'Emmelichthyidae', 'Emmelichthys', 293589, '', '', '', '', '', '', ''),
(252, '', 'Enchelycore ramosa', 'Animalia', 'Chordata', 'Actinopterygii', 'Anguilliformes', 'Muraenidae', 'Enchelycore', 271811, '', '', '', '', '', '', ''),
(253, 'Anchoveta - Sardina bocona', 'Engraulis ringens', 'Animalia', 'Chordata', 'Actinopterygii', 'Clupeiformes', 'Engraulidae', 'Engraulis', 272287, '', '', '', '', '', '', ''),
(254, '', 'Engyprosopon arenicola', 'Animalia', 'Chordata', 'Actinopterygii', 'Pleuronectiformes', 'Bothidae', 'Engyprosopon', 277388, '', '', '', '', '', '', ''),
(255, '', 'Engyprosopon regani', 'Animalia', 'Chordata', 'Actinopterygii', 'Pleuronectiformes', 'Bothidae', 'Engyprosopon', 277405, '', '', '', '', '', '', ''),
(256, '', 'Enigmapercis acutirostris', 'Animalia', 'Chordata', 'Actinopterygii', 'Perciformes', 'Percophidae', 'Enigmapercis', 280673, '', '', '', '', '', '', ''),
(257, '', 'Epigonus chilensis', 'Animalia', 'Chordata', 'Actinopterygii', 'Perciformes', 'Epigonidae', 'Epigonus', 712711, '', '', '', '', '', '', ''),
(258, 'Besugo', 'Epigonus crassicaudus', 'Animalia', 'Chordata', 'Actinopterygii', 'Perciformes', 'Epigonidae', 'Epigonus', 273404, '', '', '', '', '', '', ''),
(259, '', 'Eptatretus bischoffii', 'Animalia', 'Chordata', 'Myxini', 'Myxiniformes', 'Myxinidae', 'Eptatretus', 279271, '', '', '', '', '', '', ''),
(260, '', 'Eptatretus laurahubbsae', 'Animalia', 'Chordata', 'Myxini', 'Myxiniformes', 'Myxinidae', 'Eptatretus', 279285, '', '', '', '', '', '', ''),
(261, '', 'Eptatretus nanii', 'Animalia', 'Chordata', 'Myxini', 'Myxiniformes', 'Myxinidae', 'Eptatretus', 279293, '', '', '', '', '', '', ''),
(262, 'Anguila babosa ', 'Eptatretus polytrema', 'Animalia', 'Chordata', 'Myxini', 'Myxiniformes', 'Myxinidae', 'Eptatretus', 279295, '', '', '', '', '', '', ''),
(263, 'Machuelo - Tritre - Machete', 'Ethmidium maculatum', 'Animalia', 'Chordata', 'Actinopterygii', 'Clupeiformes', 'Clupeidae', 'Ethmidium', 280726, '', '', '', '', '', '', ''),
(264, '', 'Etmopterus granulosus', 'Animalia', 'Chordata', 'Elasmobranchii', 'Squaliformes', 'Etmopteridae', 'Etmopterus', 215607, '', '', '', '', '', '', ''),
(265, '', 'Etmopterus litvinovi', 'Animalia', 'Chordata', 'Elasmobranchii', 'Squaliformes', 'Etmopteridae', 'Etmopterus', 271636, '', '', '', '', '', '', ''),
(266, '', 'Etmopterus pusillus', 'Animalia', 'Chordata', 'Elasmobranchii', 'Squaliformes', 'Etmopteridae', 'Etmopterus', 105912, '', '', '', '', '', '', ''),
(267, '', 'Etmopterus pycnolepis', 'Animalia', 'Chordata', 'Elasmobranchii', 'Squaliformes', 'Etmopteridae', 'Etmopterus', 271640, '', '', '', '', '', '', ''),
(268, '', 'Etmopterus unicolor', 'Animalia', 'Chordata', 'Elasmobranchii', 'Squaliformes', 'Etmopteridae', 'Etmopterus', 271645, '', '', '', '', '', '', ''),
(269, '', 'Etmopterus villosus', 'Animalia', 'Chordata', 'Elasmobranchii', 'Squaliformes', 'Etmopteridae', 'Etmopterus', 271646, '', '', '', '', '', '', ''),
(270, '', 'Etrumeus teres', 'Animalia', 'Chordata', 'Actinopterygii', 'Clupeiformes', 'Dussumieriidae', 'Etrumeus', 158693, '', '', '', '', '', '', ''),
(271, '', 'Euprotomicrus bispinatus', 'Animalia', 'Chordata', 'Elasmobranchii', 'Squaliformes', 'Dalatiidae', 'Euprotomicrus', 215608, '', '', '', '', '', '', ''),
(272, '', 'Eurypharynx pelecanoides', 'Animalia', 'Chordata', 'Actinopterygii', 'Saccopharyngiformes', 'Eurypharyngidae', 'Eurypharynx', 127165, '', '', '', '', '', '', ''),
(273, '', 'Eurypleuron cinereum', 'Animalia', 'Chordata', 'Actinopterygii', 'Ophidiiformes', 'Carapidae', 'Eurypleuron', 277946, '', '', '', '', '', '', ''),
(274, '', 'Eustomias crucis', 'Animalia', 'Chordata', 'Actinopterygii', 'Stomiiformes', 'Stomiidae', 'Eustomias', 275080, '', '', '', '', '', '', ''),
(275, '', 'Evermannella balbo', 'Animalia', 'Chordata', 'Actinopterygii', 'Aulopiformes', 'Evermannellidae', 'Evermannella', 126338, '', '', '', '', '', '', ''),
(276, '', 'Evermannella indica', 'Animalia', 'Chordata', 'Actinopterygii', 'Aulopiformes', 'Evermannellidae', 'Evermannella', 126339, '', '', '', '', '', '', ''),
(277, '', 'Evermannella megalops', 'Animalia', 'Chordata', 'Actinopterygii', 'Aulopiformes', 'Evermannellidae', 'Evermannella', 272064, '', '', '', '', '', '', ''),
(278, '', 'Exocoetus volitans', 'Animalia', 'Chordata', 'Actinopterygii', 'Beloniformes', 'Exocoetidae', 'Exocoetus', 126385, '', '', '', '', '', '', ''),
(279, '', 'Facciolella castlei', 'Animalia', 'Chordata', 'Actinopterygii', 'Anguilliformes', 'Nettastomatidae', 'Facciolella', 271906, '', '', '', '', '', '', ''),
(280, '', 'Fistularia commersonii', 'Animalia', 'Chordata', 'Actinopterygii', 'Syngnathiformes', 'Fistulariidae', 'Fistularia', 217966, '', '', '', '', '', '', ''),
(281, 'Puye', 'Galaxias globiceps', 'Animalia', 'Chordata', 'Actinopterygii', 'Osmeriformes', 'Galaxiidae', 'Galaxias', 0, '', '', '', '', '', '', ''),
(282, 'Puye ', 'Galaxias maculatus', 'Animalia', 'Chordata', 'Actinopterygii', 'Osmeriformes', 'Galaxiidae', 'Galaxias', 280811, '', '', '', '', '', '', ''),
(283, '', 'Galaxias platei', 'Animalia', 'Chordata', 'Actinopterygii', 'Osmeriformes', 'Galaxiidae', 'Galaxias', 280812, '', '', '', '', '', '', ''),
(284, 'Cazón', 'Galeorhinus galeus', 'Animalia', 'Chordata', 'Elasmobranchii', 'Carcharhiniformes', 'Triakidae', 'Galeorhinus', 105820, '', '', '', '', '', '', ''),
(285, '', 'Gambusia affinis', 'Animalia', 'Chordata', 'Actinopterygii', 'Cyprinodontiformes', 'Poeciliidae', 'Gambusia', 159325, '', '', '', '', '', '', ''),
(286, 'Pochita', 'Gambusia holbrooki', 'Animalia', 'Chordata', 'Actinopterygii', 'Cyprinodontiformes', 'Poeciliidae', 'Gambusia', 276134, '', '', '', '', '', '', ''),
(287, 'Nudibranquio', 'Gargamella immaculata', 'Animalia', 'Mollusca', 'Gastropoda', 'Nudibranchia', 'Discodorididae', 'Gargamella', 536809, '', '', '', '', '', '', ''),
(288, 'Pez chauchera ', 'Gasterochisma melampus', 'Animalia', 'Chordata', 'Actinopterygii', 'Perciformes', 'Scombridae', 'Gasterochisma', 219709, '', '', '', '', '', '', ''),
(289, 'Congrio dorado ', 'Genypterus blacodes', 'Animalia', 'Chordata', 'Actinopterygii', 'Ophidiiformes', 'Ophidiidae', 'Genypterus', 278702, '', '', '', '', '', '', ''),
(290, 'Congrio colorado ', 'Genypterus chilensis', 'Animalia', 'Chordata', 'Actinopterygii', 'Ophidiiformes', 'Ophidiidae', 'Genypterus', 278704, '', '', '', '', '', '', ''),
(291, 'Congrio negro - Chacha', 'Genypterus maculatus', 'Animalia', 'Chordata', 'Actinopterygii', 'Ophidiiformes', 'Ophidiidae', 'Genypterus', 278705, '', '', '', '', '', '', ''),
(292, 'Lamprea de bolsa', 'Geotria australis', 'Animalia', 'Chordata', 'Cephalaspidomorphi', 'Petromyzontiformes', 'Geotriidae', 'Geotria', 234686, '', '', '', '', '', '', ''),
(293, '', 'Gigantactis meadi', 'Animalia', 'Chordata', 'Actinopterygii', 'Lophiiformes', 'Gigantactinidae', 'Gigantactis', 272566, '', '', '', '', '', '', ''),
(294, '', 'Gigantactis perlatus', 'Animalia', 'Chordata', 'Actinopterygii', 'Lophiiformes', 'Gigantactinidae', 'Gigantactis', 159157, '', '', '', '', '', '', ''),
(295, '', 'Gigantactis vanhoeffeni', 'Animalia', 'Chordata', 'Actinopterygii', 'Lophiiformes', 'Gigantactinidae', 'Gigantactis', 126542, '', '', '', '', '', '', '');
INSERT INTO `especies` (`id`, `nombre_comun`, `nombre_cientifico`, `kingdom`, `phylum`, `class`, `order`, `family`, `genus`, `aphia`, `distribucion_geografica`, `descripcion`, `ecologia`, `importancia_economica`, `biologia_reproductiva`, `referencias`, `ruta`) VALUES
(296, '', 'Gigantura indica', 'Animalia', 'Chordata', 'Actinopterygii', 'Aulopiformes', 'Giganturidae', 'Gigantura', 158858, '', '', '', '', '', '', ''),
(297, '', 'Girella feliciana', 'Animalia', 'Chordata', 'Actinopterygii', 'Perciformes', 'Kyphosidae', 'Girella', 280859, '', '', '', '', '', '', ''),
(298, 'Baunco - Alpargata', 'Girella laevifrons', 'Animalia', 'Chordata', 'Actinopterygii', 'Perciformes', 'Kyphosidae', 'Girella', 314470, 'Isla Guañape Perú hasta Valparaíso y al sur.', 'De cuerpo robusto y algo corto - el baunco posee un grueso pedúnculo caudal - y gruesos labios. Maxilar notoriamente abultado - dientes incisivos expandidos distálmente - tipo cuchara. Éstos son tricúspides en juveniles y de margen entero en adultos. El baunco presenta coloración gris oscura aclarando hacia el vientre. Posee aleta dorsal larga que en la zona caudal presenta mayor altura compuesta por radios y en la zona anterior de ésta se observan de 12  a 13 espinas', 'Vive en cardúmenes en la zona de rompiente o posas del intermareal. Los juveniles presentan hábitos herbívoros - mientras que los adultos son omnívoros. Su dieta esta compuesta por macroalgas de pequeño tamaño Ulvales principalmente), y pequeños crustáceos y moluscos. Las tallas registradas para este especie son de 29 a 36 cm. con pesos de 481 y 828 g. respectivamente - aunque se sabe que alcanza mayores tallas.', 'No es explotado por pesquería comercial. La explotación de esta especie es realizada por pescadores artesanales y buzos - para ser comercializada en mercados locales y caletas.', '', '', ''),
(299, 'Nanue', 'Girella nebulosa', 'Animalia', 'Chordata', 'Actinopterygii', 'Perciformes', 'Kyphosidae', 'Girellops', 280864, '', '', '', '', '', '', ''),
(300, '', 'Glossanodon danieli', 'Animalia', 'Chordata', 'Actinopterygii', 'Osmeriformes', 'Argentinidae', 'Glossanodon', 272900, '', '', '', '', '', '', ''),
(301, '', 'Glossanodon nazca', 'Animalia', 'Chordata', 'Actinopterygii', 'Osmeriformes', 'Argentinidae', 'Glossanodon', 272905, '', '', '', '', '', '', ''),
(302, '', 'Gnathophis andriashevi', 'Animalia', 'Chordata', 'Actinopterygii', 'Anguilliformes', 'Congridae', 'Gnathophis', 271751, '', '', '', '', '', '', ''),
(303, 'Peje-sapo veteado', 'Gobiesox marmoratus', 'Animalia', 'Chordata', 'Actinopterygii', 'Gobiesociformes', 'Gobiesocidae', 'Gobiesox', 275673, '', '', '', '', '', '', ''),
(304, '', 'Gonichthys barnesi', 'Animalia', 'Chordata', 'Actinopterygii', 'Myctophiformes', 'Myctophidae', 'Gonichthys', 217698, '', '', '', '', '', '', ''),
(305, '', 'Gonichthys tenuiculus', 'Animalia', 'Chordata', 'Actinopterygii', 'Myctophiformes', 'Myctophidae', 'Gonichthys', 272702, '', '', '', '', '', '', ''),
(306, '', 'Gonichthys venetus', 'Animalia', 'Chordata', 'Actinopterygii', 'Myctophiformes', 'Myctophidae', 'Gonichthys', 272703, '', '', '', '', '', '', ''),
(307, '', 'Gonorynchus gonorynchus', 'Animalia', 'Chordata', 'Actinopterygii', 'Gonorhynchiformes', 'Gonorynchidae', 'Gonorynchus', 221403, '', '', '', '', '', '', ''),
(308, 'Vieja Negra - Mulata', 'Graus nigra', 'Animalia', 'Chordata', 'Actinopterygii', 'Perciformes', 'Kyphosidae', 'Graus', 280941, '', '', '', '', '', '', ''),
(309, '', 'Gurgesiella furvescens', 'Animalia', 'Chordata', 'Elasmobranchii', 'Rajiformes', 'Rajidae', 'Gurgesiella', 280951, '', '', '', '', '', '', ''),
(310, '', 'Guttigadus globiceps', 'Animalia', 'Chordata', 'Actinopterygii', 'Gadiformes', 'Moridae', 'Guttigadus', 275875, '', '', '', '', '', '', ''),
(311, '', 'Guttigadus kongi', 'Animalia', 'Chordata', 'Actinopterygii', 'Gadiformes', 'Moridae', 'Guttigadus', 234833, '', '', '', '', '', '', ''),
(312, '', 'Gymnoscopelus bolini', 'Animalia', 'Chordata', 'Actinopterygii', 'Myctophiformes', 'Myctophidae', 'Gymnoscopelus', 234729, '', '', '', '', '', '', ''),
(313, '', 'Gymnoscopelus braueri', 'Animalia', 'Chordata', 'Actinopterygii', 'Myctophiformes', 'Myctophidae', 'Gymnoscopelus', 234642, '', '', '', '', '', '', ''),
(314, '', 'Gymnothorax eurostus', 'Animalia', 'Chordata', 'Actinopterygii', 'Anguilliformes', 'Muraenidae', 'Gymnothorax', 217496, '', '', '', '', '', '', ''),
(315, '', 'Gymnothorax nasuta', 'Animalia', 'Chordata', 'Actinopterygii', 'Anguilliformes', 'Muraenidae', 'Gymnothorax', 271858, '', '', '', '', '', '', ''),
(316, '', 'Gymnothorax panamensis', 'Animalia', 'Chordata', 'Actinopterygii', 'Anguilliformes', 'Muraenidae', 'Gymnothorax', 271866, '', '', '', '', '', '', ''),
(317, '', 'Gymnothorax porphyreus', 'Animalia', 'Chordata', 'Actinopterygii', 'Anguilliformes', 'Muraenidae', 'Gymnothorax', 271872, '', '', '', '', '', '', ''),
(318, '', 'Halargyreus johnsonii', 'Animalia', 'Chordata', 'Actinopterygii', 'Gadiformes', 'Moridae', 'Halargyreus', 126489, '', '', '', '', '', '', ''),
(319, '', 'Halosaurus radiatus', 'Animalia', 'Chordata', 'Actinopterygii', 'Notacanthiformes', 'Halosauridae', 'Halosaurus', 272744, '', '', '', '', '', '', ''),
(320, '', 'Harpagifer bispinis', 'Animalia', 'Chordata', 'Actinopterygii', 'Perciformes', 'Harpagiferidae', 'Harpagifer', 234626, '', '', '', '', '', '', ''),
(321, '', 'Helcogrammoides cunninghami', 'Animalia', 'Chordata', 'Actinopterygii', 'Perciformes', 'Tripterygiidae', 'Helcogrammoides', 279353, '', '', '', '', '', '', ''),
(322, 'Cabrilla - Chancharro', 'Helicolenus lengerichi', 'Animalia', 'Chordata', 'Actinopterygii', 'Scorpaeniformes', 'Sebastidae', 'Helicolenus', 274768, '', '', '', '', '', '', ''),
(323, '', 'Hemanthias peruanus', 'Animalia', 'Chordata', 'Actinopterygii', 'Perciformes', 'Serranidae', 'Hemanthias', 275930, '', '', '', '', '', '', ''),
(324, 'Apañado ', 'Hemilutjanus macrophthalmos', 'Animalia', 'Chordata', 'Actinopterygii', 'Perciformes', 'Serranidae', 'Hemilutjanus', 281028, '', '', '', '', '', '', ''),
(325, '', 'Heptranchias perlo', 'Animalia', 'Chordata', 'Elasmobranchii', 'Hexanchiformes', 'Hexanchidae', 'Heptranchias', 105832, '', '', '', '', '', '', ''),
(326, '', 'Heterogobius chiloensis', 'Animalia', 'Chordata', 'Actinopterygii', 'Perciformes', 'Gobiidae', 'Heterogobius', 281070, '', '', '', '', '', '', ''),
(327, 'Matahuira', 'Heteropriacanthus cruentatus', 'Animalia', 'Chordata', 'Actinopterygii', 'Perciformes', 'Priacanthidae', 'Heteropriacanthus', 127004, '', '', '', '', '', '', ''),
(328, '', 'Heteroscymnoides marleyi', 'Animalia', 'Chordata', 'Elasmobranchii', 'Squaliformes', 'Dalatiidae', 'Heteroscymnoides', 221458, '', '', '', '', '', '', ''),
(329, '', 'Hexanchus griseus', 'Animalia', 'Chordata', 'Elasmobranchii', 'Hexanchiformes', 'Hexanchidae', 'Hexanchus', 105833, '', '', '', '', '', '', ''),
(330, '', 'Himantolophus appelii', 'Animalia', 'Chordata', 'Actinopterygii', 'Lophiiformes', 'Himantolophidae', 'Himantolophus', 272572, '', '', '', '', '', '', ''),
(331, '', 'Himantolophus groenlandicus', 'Animalia', 'Chordata', 'Actinopterygii', 'Lophiiformes', 'Himantolophidae', 'Himantolophus', 126545, '', '', '', '', '', '', ''),
(332, '', 'Himantolophus sagamius', 'Animalia', 'Chordata', 'Actinopterygii', 'Lophiiformes', 'Himantolophidae', 'Himantolophus', 272586, '', '', '', '', '', '', ''),
(333, '', 'Hime microps', 'Animalia', 'Chordata', 'Actinopterygii', 'Aulopiformes', 'Aulopidae', 'Hime', 318486, '', '', '', '', '', '', ''),
(334, '', 'Hippocampus ingens', 'Animalia', 'Chordata', 'Actinopterygii', 'Syngnathiformes', 'Syngnathidae', 'Hippocampus', 275197, '', '', '', '', '', '', ''),
(335, 'Lenguado de ojo grande ', 'Hippoglossina macrops', 'Animalia', 'Chordata', 'Actinopterygii', 'Pleuronectiformes', 'Paralichthyidae', 'Hippoglossina', 275824, '', '', '', '', '', '', ''),
(336, '', 'Hippoglossina montemaris', 'Animalia', 'Chordata', 'Actinopterygii', 'Pleuronectiformes', 'Paralichthyidae', 'Hippoglossina', 275825, '', '', '', '', '', '', ''),
(337, '', 'Hippoglossina mystacium', 'Animalia', 'Chordata', 'Actinopterygii', 'Pleuronectiformes', 'Paralichthyidae', 'Hippoglossina', 275826, '', '', '', '', '', '', ''),
(338, '', 'Hirundichthys rondeletii', 'Animalia', 'Chordata', 'Actinopterygii', 'Beloniformes', 'Exocoetidae', 'Hirundichthys', 126386, '', '', '', '', '', '', ''),
(339, '', 'Holtbyrnia intermedia', 'Animalia', 'Chordata', 'Actinopterygii', 'Osmeriformes', 'Platytroctidae', 'Holtbyrnia', 272943, '', '', '', '', '', '', ''),
(340, '', 'Holtbyrnia latifrons', 'Animalia', 'Chordata', 'Actinopterygii', 'Osmeriformes', 'Platytroctidae', 'Holtbyrnia', 272944, '', '', '', '', '', '', ''),
(341, '', 'Hoplostethus fragilis', 'Animalia', 'Chordata', 'Actinopterygii', 'Beryciformes', 'Trachichthyidae', 'Hoplostethus', 272228, '', '', '', '', '', '', ''),
(342, '', 'Hoplostethus mento', 'Animalia', 'Chordata', 'Actinopterygii', 'Beryciformes', 'Trachichthyidae', 'Hoplostethus', 272234, '', '', '', '', '', '', ''),
(343, 'Orange roughy', 'Hoplostethus atlanticus', 'Animalia', 'Chordata', 'Actinopterygii', 'Beryciformes', 'Trachichthyidae', 'Hoplosthethus', 126402, '', '', '', '', '', '', ''),
(344, '', 'Howella brodiei', 'Animalia', 'Chordata', 'Actinopterygii', 'Perciformes', 'Howellidae', 'Howella', 126994, '', '', '', '', '', '', ''),
(345, '', 'Hydrolagus macrophthalmus', 'Animalia', 'Chordata', 'Holocephali', 'Chimaeriformes', 'Chimaeridae', 'Hydrolagus', 271411, '', '', '', '', '', '', ''),
(346, '', 'Hydrolagus melanophasma', 'Animalia', 'Chordata', 'Holocephali', 'Chimaeriformes', 'Chimaeridae', 'Hydrolagus', 474893, '', '', '', '', '', '', ''),
(347, '', 'Hygophum atratum', 'Animalia', 'Chordata', 'Actinopterygii', 'Myctophiformes', 'Myctophidae', 'Hygophum', 272704, '', '', '', '', '', '', ''),
(348, '', 'Hygophum bruuni', 'Animalia', 'Chordata', 'Actinopterygii', 'Myctophiformes', 'Myctophidae', 'Hygophum', 272705, '', '', '', '', '', '', ''),
(349, '', 'Hygophum hanseni', 'Animalia', 'Chordata', 'Actinopterygii', 'Myctophiformes', 'Myctophidae', 'Hygophum', 217701, '', '', '', '', '', '', ''),
(350, '', 'Hygophum hygomii', 'Animalia', 'Chordata', 'Actinopterygii', 'Myctophiformes', 'Myctophidae', 'Hygophum', 126603, '', '', '', '', '', '', ''),
(351, '', 'Hygophum proximum', 'Animalia', 'Chordata', 'Actinopterygii', 'Myctophiformes', 'Myctophidae', 'Hygophum', 217700, '', '', '', '', '', '', ''),
(352, '', 'Hygophum reinhardtii', 'Animalia', 'Chordata', 'Actinopterygii', 'Myctophiformes', 'Myctophidae', 'Hygophum', 126604, '', '', '', '', '', '', ''),
(353, '', 'Hymenocephalus gracilis', 'Animalia', 'Chordata', 'Actinopterygii', 'Gadiformes', 'Macrouridae', 'Hymenocephalus', 272373, '', '', '', '', '', '', ''),
(354, 'Trombollito robusto - Tromboll', 'Hypsoblennius sordidus', 'Animalia', 'Chordata', 'Actinopterygii', 'Perciformes', 'Blenniidae', 'Hypsoblennius', 276332, 'Caleta la Cruz Perú hasta el sur de Chile', 'Este pequeño pez alcanza tallas de hasta 30 cm. de LT en adultos - SINDO mas comunes los juveniles de 3 a 5 cm. No posee escamas - se pueden apreciar una serie de bandas transversales oscuras y barras negruscas en la parte inferior de la cabeza. En la aleta dorsal se pueden apreciar 2 porciones - una blanda de mayor altura compuesta por poco más de 17 radios - y una espinosa de menor tamaño compuesta por 12 espinas. La aleta anal posee 2 espinas y 19 radios mientras que la aleta pélvica esta compuesta por 1 espina y 4 radios. Presenta aleta caudal redondeada y aletas ventrales reducidas en posición yugular. Esta especie presenta cirro orbital simple en especimenes pequeños - y ramificado en individuos de mayor tamaño.', '', 'Al no poseer vejiga natatoria se puede deducir que es un pez de hábitos bentónicos - habitando submareal somero y posas del intermareal usualmente individuos juveniles. Es posible encontrarlo habitando conchas vacías de algunos crustáceos y moluscos. Son peces que atacan a sus presas de manera violenta - su dieta consiste en ascidias - pequeños caracoles - actinias - y pequeños invertebrados en general.', 'No posee.', 'Desconocida.', ''),
(355, '', 'Ichthyapus vulturis', 'Animalia', 'Chordata', 'Actinopterygii', 'Anguilliformes', 'Ophichthidae', 'Ichthyapus', 279114, '', '', '', '', '', '', ''),
(356, '', 'Ichthyococcus ovatus', 'Animalia', 'Chordata', 'Actinopterygii', 'Stomiiformes', 'Phosichthyidae', 'Ichthyococcus', 127298, '', '', '', '', '', '', ''),
(357, '', 'Icichthys australis', 'Animalia', 'Chordata', 'Actinopterygii', 'Perciformes', 'Centrolophidae', 'Icichthys', 234723, '', '', '', '', '', '', ''),
(358, '', 'Idiacanthus antrostomus', 'Animalia', 'Chordata', 'Actinopterygii', 'Stomiiformes', 'Stomiidae', 'Idiacanthus', 275151, '', '', '', '', '', '', ''),
(359, '', 'Idiacanthus atlanticus', 'Animalia', 'Chordata', 'Actinopterygii', 'Stomiiformes', 'Stomiidae', 'Idiacanthus', 217616, '', '', '', '', '', '', ''),
(360, 'Grongi ', 'Iluocoetes fimbriatus', 'Animalia', 'Chordata', 'Actinopterygii', 'Perciformes', 'Zoarcidae', 'Iluocoetes', 281173, '', '', '', '', '', '', ''),
(361, 'Cabinza - Gavinza', 'Isacia conceptionis', 'Animalia', 'Chordata', 'Actinopterygii', 'Perciformes', 'Haemulidae', 'Isacia', 281184, '', '', '', '', '', '', ''),
(362, '', 'Isistius brasiliensis', 'Animalia', 'Chordata', 'Elasmobranchii', 'Squaliformes', 'Dalatiidae', 'Isistius', 215612, '', '', '', '', '', '', ''),
(363, '', 'Istiompax indica', 'Animalia', 'Chordata', 'Actinopterygii', 'Perciformes', 'Istiophoridae', 'Istiompax', 712905, '', '', '', '', '', '', ''),
(364, '', 'Istiophorus platypterus', 'Animalia', 'Chordata', 'Actinopterygii', 'Perciformes', 'Istiophoridae', 'Istiophorus', 158812, '', '', '', '', '', '', ''),
(365, 'Marrajo - Tiburon de aleta cor', 'Isurus oxyrinchus', 'Animalia', 'Chordata', 'Elasmobranchii', 'Lamniformes', 'Lamnidae', 'Isurus', 105839, '', '', '', '', '', '', ''),
(366, '', 'Isurus paucus', 'Animalia', 'Chordata', 'Elasmobranchii', 'Lamniformes', 'Lamnidae', 'Isurus', 105840, '', '', '', '', '', '', ''),
(367, '', 'Itycirrhitus wilhelmi', 'Animalia', 'Chordata', 'Actinopterygii', 'Perciformes', 'Cirrhitidae', 'Itycirrhitus', 281190, '', '', '', '', '', '', ''),
(368, 'Barrilete - Cachurreta', 'Katsuwonus pelamis', 'Animalia', 'Chordata', 'Actinopterygii', 'Perciformes', 'Scombridae', 'Katsuwonus', 127018, '', '', '', '', '', '', ''),
(369, 'Hacha', 'Kyphosus analogus', 'Animalia', 'Chordata', 'Actinopterygii', 'Perciformes', 'Kyphosidae', 'Kyphosus', 273519, '', '', '', '', '', '', ''),
(370, '', 'Labrisomus fernandezianus', 'Animalia', 'Chordata', 'Actinopterygii', 'Perciformes', 'Labrisomidae', 'Labrisomus', 281251, '', '', '', '', '', '', ''),
(371, 'Tomoyo', 'Labrisomus philippii', 'Animalia', 'Chordata', 'Actinopterygii', 'Perciformes', 'Labrisomidae', 'Labrisomus', 281261, '', '', '', '', '', '', ''),
(372, '', 'Lactoria diaphana', 'Animalia', 'Chordata', 'Actinopterygii', 'Tetraodontiformes', 'Ostraciidae', 'Lactoria', 219903, '', '', '', '', '', '', ''),
(373, '', 'Lactoria paschae', 'Animalia', 'Chordata', 'Actinopterygii', 'Tetraodontiformes', 'Ostraciidae', 'Lactoria', 278031, '', '', '', '', '', '', ''),
(374, '', 'Lamna nasus', 'Animalia', 'Chordata', 'Elasmobranchii', 'Lamniformes', 'Lamnidae', 'Lamna', 105841, '', '', '', '', '', '', ''),
(375, '', 'Lampadena chavesi', 'Animalia', 'Chordata', 'Actinopterygii', 'Myctophiformes', 'Myctophidae', 'Lampadena', 126607, '', '', '', '', '', '', ''),
(376, '', 'Lampadena luminosa', 'Animalia', 'Chordata', 'Actinopterygii', 'Myctophiformes', 'Myctophidae', 'Lampadena', 158896, '', '', '', '', '', '', ''),
(377, '', 'Lampadena speculigera', 'Animalia', 'Chordata', 'Actinopterygii', 'Myctophiformes', 'Myctophidae', 'Lampadena', 126608, '', '', '', '', '', '', ''),
(378, '', 'Lampadena urophaos', 'Animalia', 'Chordata', 'Actinopterygii', 'Myctophiformes', 'Myctophidae', 'Lampadena', 126609, '', '', '', '', '', '', ''),
(379, '', 'Lampanyctodes hectoris', 'Animalia', 'Chordata', 'Actinopterygii', 'Myctophiformes', 'Myctophidae', 'Lampanyctodes', 217704, '', '', '', '', '', '', ''),
(380, '', 'Lampanyctus australis', 'Animalia', 'Chordata', 'Actinopterygii', 'Myctophiformes', 'Myctophidae', 'Lampanyctus', 217708, '', '', '', '', '', '', ''),
(381, '', 'Lampanyctus festivus', 'Animalia', 'Chordata', 'Actinopterygii', 'Myctophiformes', 'Myctophidae', 'Lampanyctus', 126614, '', '', '', '', '', '', ''),
(382, '', 'Lampanyctus intricarius', 'Animalia', 'Chordata', 'Actinopterygii', 'Myctophiformes', 'Myctophidae', 'Lampanyctus', 126615, '', '', '', '', '', '', ''),
(383, '', 'Lampanyctus iselinoides', 'Animalia', 'Chordata', 'Actinopterygii', 'Myctophiformes', 'Myctophidae', 'Lampanyctus', 272711, '', '', '', '', '', '', ''),
(384, '', 'Lampanyctus macdonaldi', 'Animalia', 'Chordata', 'Actinopterygii', 'Myctophiformes', 'Myctophidae', 'Lampanyctus', 126617, '', '', '', '', '', '', ''),
(385, '', 'Lampanyctus pusillus', 'Animalia', 'Chordata', 'Actinopterygii', 'Myctophiformes', 'Myctophidae', 'Lampanyctus', 126619, '', '', '', '', '', '', ''),
(386, '', 'Lampanyctus steinbecki', 'Animalia', 'Chordata', 'Actinopterygii', 'Myctophiformes', 'Myctophidae', 'Lampanyctus', 272717, '', '', '', '', '', '', ''),
(387, '', 'Lampichthys procerus', 'Animalia', 'Chordata', 'Actinopterygii', 'Myctophiformes', 'Myctophidae', 'Lampichthys', 217709, '', '', '', '', '', '', ''),
(388, '', 'Lamprogrammus shcherbachevi', 'Animalia', 'Chordata', 'Actinopterygii', 'Ophidiiformes', 'Ophidiidae', 'Lamprogrammus', 126673, '', '', '', '', '', '', ''),
(389, '', 'Lepomis gibbosus', 'Animalia', 'Chordata', 'Actinopterygii', 'Perciformes', 'Centrarchidae', 'Lepomis', 0, '', '', '', '', '', '', ''),
(390, '', 'Leptochilichthys agassizii', 'Animalia', 'Chordata', 'Actinopterygii', 'Osmeriformes', 'Leptochilichthyidae', 'Leptochilichthys', 126722, '', '', '', '', '', '', ''),
(391, 'Pez aguja', 'Leptonotus blainvilleanus', 'Animalia', 'Chordata', 'Actinopterygii', 'Syngnathiformes', 'Syngnathidae', 'Leptonotus', 281324, '', '', '', '', '', '', ''),
(392, '', 'Lestidiops pacificus', 'Animalia', 'Chordata', 'Actinopterygii', 'Aulopiformes', 'Paralepididae', 'Lestidiops', 272095, '', '', '', '', '', '', ''),
(393, '', 'Liparis antarcticus', 'Animalia', 'Chordata', 'Actinopterygii', 'Scorpaeniformes', 'Liparidae', 'Liparis', 274501, '', '', '', '', '', '', ''),
(394, '', 'Lobianchia dofleini', 'Animalia', 'Chordata', 'Actinopterygii', 'Myctophiformes', 'Myctophidae', 'Lobianchia', 158900, '', '', '', '', '', '', ''),
(395, '', 'Lophiodes spilurus', 'Animalia', 'Chordata', 'Actinopterygii', 'Lophiiformes', 'Lophiidae', 'Lophiodes', 278534, '', '', '', '', '', '', ''),
(396, '', 'Loweina rara', 'Animalia', 'Chordata', 'Actinopterygii', 'Myctophiformes', 'Myctophidae', 'Loweina', 126625, '', '', '', '', '', '', ''),
(397, '', 'Lucigadus nigromaculatus', 'Animalia', 'Chordata', 'Actinopterygii', 'Gadiformes', 'Macrouridae', 'Lucigadus', 281418, '', '', '', '', '', '', ''),
(398, '', 'Lucigadus potronus', 'Animalia', 'Chordata', 'Actinopterygii', 'Gadiformes', 'Macrouridae', 'Lucigadus', 712469, '', '', '', '', '', '', ''),
(399, '', 'Luvarus imperialis', 'Animalia', 'Chordata', 'Actinopterygii', 'Perciformes', 'Luvaridae', 'Luvarus', 126974, '', '', '', '', '', '', ''),
(400, '', 'Lycenchelys antarctica', 'Animalia', 'Chordata', 'Actinopterygii', 'Perciformes', 'Zoarcidae', 'Lycenchelys', 234625, '', '', '', '', '', '', ''),
(401, '', 'Lycenchelys pequenoi', 'Animalia', 'Chordata', 'Actinopterygii', 'Perciformes', 'Zoarcidae', 'Lycenchelys', 274078, '', '', '', '', '', '', ''),
(402, '', 'Lycenchelys scaurus', 'Animalia', 'Chordata', 'Actinopterygii', 'Perciformes', 'Zoarcidae', 'Lycenchelys', 274085, '', '', '', '', '', '', ''),
(403, '', 'Lycodapus australis', 'Animalia', 'Chordata', 'Actinopterygii', 'Perciformes', 'Zoarcidae', 'Lycodapus', 279385, '', '', '', '', '', '', ''),
(404, '', 'Macroparalepis macrogeneion', 'Animalia', 'Chordata', 'Actinopterygii', 'Aulopiformes', 'Paralepididae', 'Macroparalepis', 220329, '', '', '', '', '', '', ''),
(405, '', 'Macrourus carinatus', 'Animalia', 'Chordata', 'Actinopterygii', 'Gadiformes', 'Macrouridae', 'Macrourus', 217773, '', '', '', '', '', '', ''),
(406, 'Merluza de cola', 'Macruronus magellanicus', 'Animalia', 'Chordata', 'Actinopterygii', 'Gadiformes', 'Merlucciidae', 'Macruronus', 272449, '', '', '', '', '', '', ''),
(407, '', 'Magnisudis atlantica', 'Animalia', 'Chordata', 'Actinopterygii', 'Aulopiformes', 'Paralepididae', 'Magnisudis', 126359, '', '', '', '', '', '', ''),
(408, 'Pez zuncho ', 'Makaira mazara', 'Animalia', 'Chordata', 'Actinopterygii', 'Perciformes', 'Istiophoridae', 'Makaira', 219729, '', '', '', '', '', '', ''),
(409, '', 'Malacosteus niger', 'Animalia', 'Chordata', 'Actinopterygii', 'Stomiiformes', 'Stomiidae', 'Malacosteus', 127358, '', '', '', '', '', '', ''),
(410, 'Lenguado pintado ', 'Mancopsetta maculata', 'Animalia', 'Chordata', 'Actinopterygii', 'Pleuronectiformes', 'Achiropsettidae', 'Mancopsetta', 234783, '', '', '', '', '', '', ''),
(411, '', 'Maurolicus muelleri', 'Animalia', 'Chordata', 'Actinopterygii', 'Stomiiformes', 'Sternoptychidae', 'Maurolicus', 127312, '', '', '', '', '', '', ''),
(412, '', 'Maurolicus parvipinnis', 'Animalia', 'Chordata', 'Actinopterygii', 'Stomiiformes', 'Sternoptychidae', 'Maurolicus', 274976, '', '', '', '', '', '', ''),
(413, '', 'Maynea puncta', 'Animalia', 'Chordata', 'Actinopterygii', 'Perciformes', 'Zoarcidae', 'Maynea', 281537, '', '', '', '', '', '', ''),
(414, 'Acha', 'Medialuna ancietae', 'Animalia', 'Chordata', 'Actinopterygii', 'Perciformes', 'Kyphosidae', 'Medialuna', 281540, '', '', '', '', '', '', ''),
(415, '', 'Melamphaes acanthomus', 'Animalia', 'Chordata', 'Actinopterygii', 'Stephanoberyciformes', 'Melamphaidae', 'Melamphaes', 274924, '', '', '', '', '', '', ''),
(416, '', 'Melamphaes indicus', 'Animalia', 'Chordata', 'Actinopterygii', 'Stephanoberyciformes', 'Melamphaidae', 'Melamphaes', 274928, '', '', '', '', '', '', ''),
(417, '', 'Melamphaes laeviceps', 'Animalia', 'Chordata', 'Actinopterygii', 'Stephanoberyciformes', 'Melamphaidae', 'Melamphaes', 274930, '', '', '', '', '', '', ''),
(418, '', 'Melamphaes longivelis', 'Animalia', 'Chordata', 'Actinopterygii', 'Stephanoberyciformes', 'Melamphaidae', 'Melamphaes', 127267, '', '', '', '', '', '', ''),
(419, '', 'Melamphaes macrocephalus', 'Animalia', 'Chordata', 'Actinopterygii', 'Stephanoberyciformes', 'Melamphaidae', 'Melamphaes', 274933, '', '', '', '', '', '', ''),
(420, '', 'Melamphaes microps', 'Animalia', 'Chordata', 'Actinopterygii', 'Stephanoberyciformes', 'Melamphaidae', 'Melamphaes', 127268, '', '', '', '', '', '', ''),
(421, '', 'Melamphaes polylepis', 'Animalia', 'Chordata', 'Actinopterygii', 'Stephanoberyciformes', 'Melamphaidae', 'Melamphaes', 159328, '', '', '', '', '', '', ''),
(422, '', 'Melamphaes simus', 'Animalia', 'Chordata', 'Actinopterygii', 'Stephanoberyciformes', 'Melamphaidae', 'Melamphaes', 127269, '', '', '', '', '', '', ''),
(423, '', 'Melamphaes spinifer', 'Animalia', 'Chordata', 'Actinopterygii', 'Stephanoberyciformes', 'Melamphaidae', 'Melamphaes', 274936, '', '', '', '', '', '', ''),
(424, '', 'Melanocetus johnsonii', 'Animalia', 'Chordata', 'Actinopterygii', 'Lophiiformes', 'Melanocetidae', 'Melanocetus', 126556, '', '', '', '', '', '', ''),
(425, '', 'Melanocetus niger', 'Animalia', 'Chordata', 'Actinopterygii', 'Lophiiformes', 'Melanocetidae', 'Melanocetus', 272603, '', '', '', '', '', '', ''),
(426, '', 'Melanolagus bericoides', 'Animalia', 'Chordata', 'Actinopterygii', 'Osmeriformes', 'Bathylagidae', 'Melanolagus', 126721, '', '', '', '', '', '', ''),
(427, '', 'Melanonus gracilis', 'Animalia', 'Chordata', 'Actinopterygii', 'Gadiformes', 'Melanonidae', 'Melanonus', 221402, '', '', '', '', '', '', ''),
(428, '', 'Melanostigma bathium', 'Animalia', 'Chordata', 'Actinopterygii', 'Perciformes', 'Zoarcidae', 'Melanostigma', 274131, '', '', '', '', '', '', ''),
(429, '', 'Melanostigma gelatinosum', 'Animalia', 'Chordata', 'Actinopterygii', 'Perciformes', 'Zoarcidae', 'Melanostigma', 221433, '', '', '', '', '', '', ''),
(430, '', 'Mendosoma lineatum', 'Animalia', 'Chordata', 'Actinopterygii', 'Perciformes', 'Latridae', 'Mendosoma', 281549, '', '', '', '', '', '', ''),
(431, 'Pichibuen', 'Menticirrhus ophicephalus', 'Animalia', 'Chordata', 'Actinopterygii', 'Perciformes', 'Sciaenidae', 'Menticirrhus', 276147, '', '', '', '', '', '', ''),
(432, '', 'Mentodus facilis', 'Animalia', 'Chordata', 'Actinopterygii', 'Osmeriformes', 'Platytroctidae', 'Mentodus', 158724, '', '', '', '', '', '', ''),
(433, 'Merluza austral o del Sur', 'Merluccius australis', 'Animalia', 'Chordata', 'Actinopterygii', 'Gadiformes', 'Merlucciidae', 'Merluccius', 272452, '', '', '', '', '', '', ''),
(434, 'Merluza común - Pescada', 'Merluccius gayi gayi', 'Animalia', 'Chordata', 'Actinopterygii', 'Gadiformes', 'Merlucciidae', 'Merluccius', 272453, '', '', '', '', '', '', ''),
(435, 'Merluza argentina', 'Merluccius hubbsi', 'Animalia', 'Chordata', 'Actinopterygii', 'Gadiformes', 'Merlucciidae', 'Merluccius', 272455, '', '', '', '', '', '', ''),
(436, '', 'Merluccius tasmanicus', 'Animalia', 'Chordata', 'Actinopterygii', 'Gadiformes', 'Merlucciidae', 'Merluccius', 272459, '', '', '', '', '', '', ''),
(437, '', 'Metelectrona ahlstromi', 'Animalia', 'Chordata', 'Actinopterygii', 'Myctophiformes', 'Myctophidae', 'Metelectrona', 279328, '', '', '', '', '', '', ''),
(438, '', 'Microlophichthys microlophus', 'Animalia', 'Chordata', 'Actinopterygii', 'Lophiiformes', 'Oneirodidae', 'Microlophichthys', 126568, '', '', '', '', '', '', ''),
(439, 'Merluza de tres aletas o tres ', 'Micromesistius australis', 'Animalia', 'Chordata', 'Actinopterygii', 'Gadiformes', 'Gadidae', 'Micromesistius', 234781, '', '', '', '', '', '', ''),
(440, '', 'Micropogonias fasciatus', 'Animalia', 'Chordata', 'Actinopterygii', 'Perciformes', 'Sciaenidae', 'Micropogonias', 275306, '', '', '', '', '', '', ''),
(441, 'Corvina rubia - Corvinilla - H', 'Micropogonias furnieri', 'Animalia', 'Chordata', 'Actinopterygii', 'Perciformes', 'Sciaenidae', 'Micropogonias', 275307, '', '', '', '', '', '', ''),
(442, '', 'Mobula tarapacana', 'Animalia', 'Chordata', 'Elasmobranchii', 'Rajiformes', 'Myliobatidae', 'Mobula', 105859, '', '', '', '', '', '', ''),
(443, '', 'Mobula thurstoni', 'Animalia', 'Chordata', 'Elasmobranchii', 'Rajiformes', 'Myliobatidae', 'Mobula', 217430, '', '', '', '', '', '', ''),
(444, '', 'Mola mola', 'Animalia', 'Chordata', 'Actinopterygii', 'Tetraodontiformes', 'Molidae', 'Mola', 127405, '', '', '', '', '', '', ''),
(445, '', 'Mola ramsayi', 'Animalia', 'Chordata', 'Actinopterygii', 'Tetraodontiformes', 'Molidae', 'Mola', 219976, '', '', '', '', '', '', ''),
(446, '', 'Mollisquama parini', 'Animalia', 'Chordata', 'Elasmobranchii', 'Squaliformes', 'Dalatiidae', 'Mollisquama', 281588, '', '', '', '', '', '', ''),
(447, '', 'Monomitopus torvus', 'Animalia', 'Chordata', 'Actinopterygii', 'Ophidiiformes', 'Ophidiidae', 'Monomitopus', 272813, '', '', '', '', '', '', ''),
(448, '', 'Mora moro', 'Animalia', 'Chordata', 'Actinopterygii', 'Gadiformes', 'Moridae', 'Mora', 126497, '', '', '', '', '', '', ''),
(449, 'Lamprea chilena', 'Mordacia lapicida', 'Animalia', 'Chordata', 'Cephalaspidomorphi', 'Petromyzontiformes', 'Mordaciidae', 'Mordacia', 281594, '', '', '', '', '', '', ''),
(450, '', 'Moringua ferruginea', 'Animalia', 'Chordata', 'Actinopterygii', 'Anguilliformes', 'Moringuidae', 'Moringua', 217461, '', '', '', '', '', '', ''),
(451, 'Lisa', 'Mugil cephalus', 'Animalia', 'Chordata', 'Actinopterygii', 'Mugiliformes', 'Mugilidae', 'Mugil', 126983, '', '', '', '', '', '', ''),
(452, '', 'Mugil curema', 'Animalia', 'Chordata', 'Actinopterygii', 'Mugiliformes', 'Mugilidae', 'Mugil', 159416, '', '', '', '', '', '', ''),
(453, '', 'Muraena appendiculata', 'Animalia', 'Chordata', 'Actinopterygii', 'Anguilliformes', 'Muraenidae', 'Muraena', 271895, '', '', '', '', '', '', ''),
(454, '', 'Muraenolepis orangiensis', 'Animalia', 'Chordata', 'Actinopterygii', 'Gadiformes', 'Muraenolepididae', 'Muraenolepis', 234824, '', '', '', '', '', '', ''),
(455, 'Tollo', 'Mustelus mento', 'Animalia', 'Chordata', 'Elasmobranchii', 'Carcharhiniformes', 'Triakidae', 'Mustelus', 271390, '', '', '', '', '', '', ''),
(456, '', 'Mustelus whitneyi', 'Animalia', 'Chordata', 'Elasmobranchii', 'Carcharhiniformes', 'Triakidae', 'Mustelus', 271395, '', '', '', '', '', '', ''),
(457, 'Raya aguila ', 'Myliobatis chilensis', 'Animalia', 'Chordata', 'Elasmobranchii', 'Rajiformes', 'Myliobatidae', 'Myliobatis', 271486, '', '', '', '', '', '', ''),
(458, '', 'Myliobatis peruvianus', 'Animalia', 'Chordata', 'Elasmobranchii', 'Rajiformes', 'Myliobatidae', 'Myliobatis', 271490, '', '', '', '', '', '', ''),
(459, '', 'Myripristis tiki', 'Animalia', 'Chordata', 'Actinopterygii', 'Beryciformes', 'Holocentridae', 'Myripristis', 276202, '', '', '', '', '', '', ''),
(460, '', 'Myxine affinis', 'Animalia', 'Chordata', 'Myxini', 'Myxiniformes', 'Myxinidae', 'Myxine', 271297, '', '', '', '', '', '', ''),
(461, '', 'Myxine australis', 'Animalia', 'Chordata', 'Myxini', 'Myxiniformes', 'Myxinidae', 'Myxine', 234629, '', '', '', '', '', '', ''),
(462, '', 'Myxine circifrons', 'Animalia', 'Chordata', 'Myxini', 'Myxiniformes', 'Myxinidae', 'Myxine', 271298, '', '', '', '', '', '', ''),
(463, '', 'Myxine debueni', 'Animalia', 'Chordata', 'Myxini', 'Myxiniformes', 'Myxinidae', 'Myxine', 271299, '', '', '', '', '', '', ''),
(464, '', 'Myxine fernholmi', 'Animalia', 'Chordata', 'Myxini', 'Myxiniformes', 'Myxinidae', 'Myxine', 271301, '', '', '', '', '', '', ''),
(465, '', 'Myxine hubbsi', 'Animalia', 'Chordata', 'Myxini', 'Myxiniformes', 'Myxinidae', 'Myxine', 271304, '', '', '', '', '', '', ''),
(466, '', 'Myxine hubbsoides', 'Animalia', 'Chordata', 'Myxini', 'Myxiniformes', 'Myxinidae', 'Myxine', 271305, '', '', '', '', '', '', ''),
(467, '', 'Myxine pequenoi', 'Animalia', 'Chordata', 'Myxini', 'Myxiniformes', 'Myxinidae', 'Myxine', 271313, '', '', '', '', '', '', ''),
(468, 'Doncella ', 'Myxodes cristatus', 'Animalia', 'Chordata', 'Actinopterygii', 'Perciformes', 'Clinidae', 'Myxodes', 281627, '', '', '', '', '', '', ''),
(469, '', 'Myxodes viridis', 'Animalia', 'Chordata', 'Actinopterygii', 'Perciformes', 'Clinidae', 'Myxodes', 281629, '', '', '', '', '', '', ''),
(470, '', 'Nannobrachium achirus', 'Animalia', 'Chordata', 'Actinopterygii', 'Myctophiformes', 'Myctophidae', 'Nannobrachium', 221503, '', '', '', '', '', '', ''),
(471, '', 'Nannobrachium idostigma', 'Animalia', 'Chordata', 'Actinopterygii', 'Myctophiformes', 'Myctophidae', 'Nannobrachium', 275864, '', '', '', '', '', '', ''),
(472, '', 'Nannobrachium nigrum', 'Animalia', 'Chordata', 'Actinopterygii', 'Myctophiformes', 'Myctophidae', 'Nannobrachium', 275867, '', '', '', '', '', '', ''),
(473, '', 'Nannobrachium phyllisae', 'Animalia', 'Chordata', 'Actinopterygii', 'Myctophiformes', 'Myctophidae', 'Nannobrachium', 275868, '', '', '', '', '', '', ''),
(474, 'Breca de Juan Fernandez', 'Nemadactylus gayi', 'Animalia', 'Chordata', 'Actinopterygii', 'Perciformes', 'Cheilodactylidae', 'Nemadactylus', 281652, '', '', '', '', '', '', ''),
(475, 'Bagrecillo', 'Nematogenys inermis', 'Animalia', 'Chordata', 'Actinopterygii', 'Siluriformes', 'Loricarioidea', 'Nematogenys', 0, '', '', '', '', '', '', ''),
(476, 'Anguila hocicona ', 'Nemichthys scolopaceus', 'Animalia', 'Chordata', 'Actinopterygii', 'Anguilliformes', 'Nemichthyidae', 'Nemichthys', 126306, '', '', '', '', '', '', ''),
(477, '', 'Neoachiropsetta milfordi', 'Animalia', 'Chordata', 'Actinopterygii', 'Pleuronectiformes', 'Achiropsettidae', 'Neoachiropsetta', 234804, '', '', '', '', '', '', ''),
(478, '', 'Nesiarchus nasutus', 'Animalia', 'Chordata', 'Actinopterygii', 'Perciformes', 'Gempylidae', 'Nesiarchus', 126865, '', '', '', '', '', '', ''),
(479, '', 'Nettastoma falcinaris', 'Animalia', 'Chordata', 'Actinopterygii', 'Anguilliformes', 'Nettastomatidae', 'Nettastoma', 271911, '', '', '', '', '', '', ''),
(480, '', 'Nettastoma parviceps', 'Animalia', 'Chordata', 'Actinopterygii', 'Anguilliformes', 'Nettastomatidae', 'Nettastoma', 217557, '', '', '', '', '', '', ''),
(481, 'Castañeta', 'Nexilosus latifrons', 'Animalia', 'Chordata', 'Actinopterygii', 'Perciformes', 'Pomacentridae', 'Nexilosus', 281746, 'Isla Santa Rosa Ecuador hasta Talcahuano y al sur. Además se encuentra en Islas de Juan Fernández Chile.', 'Alcanzando - hasta 20 cm. de longitud la Castañeta o Burrito presenta un cuerpo comprimido lateralmente y silueta ovalada. El cuerpo esta cubierto por escamas ctenoídeas de gran tamaño - las que cubren hasta la base de las aletas. En la base de la aleta ventral se aprecia una escama particularmente alargada y puntiaguda que se asemeja a una espina - esta característica permite un juicio de diagnostico. Aleta dorsal con 13 – 14 espinas - siendo las posteriores mas cortas que las anteriores.  Referente a la coloración podemos apreciar que los juveniles presentan tonos de gris metálico - mientras que los adultos un gris mas oscuro.', 'La forma del cuerpo señala a la Castañeta como un pez de movimientos lentos - pero muy ágil - para poder maniobrar en zonas rocosas y grietas. Estos sectores son preferidos por la especie ya que brindan un perfecto abrigo y resguardo frente a posibles depredadores. Se le encuentra normalmente en pequeños grupos mientras es juvenil - pero vive de forma más solitaria al alcanzar tallas mayores.', 'No posee.', 'Desconocidos.', '', ''),
(482, '', 'Nezumia convergens', 'Animalia', 'Chordata', 'Actinopterygii', 'Gadiformes', 'Macrouridae', 'Nezumia', 272404, '', '', '', '', '', '', ''),
(483, '', 'Nezumia loricata', 'Animalia', 'Chordata', 'Actinopterygii', 'Gadiformes', 'Macrouridae', 'Nezumia', 272417, '', '', '', '', '', '', ''),
(484, '', 'Nezumia propinqua', 'Animalia', 'Chordata', 'Actinopterygii', 'Gadiformes', 'Macrouridae', 'Nezumia', 217778, '', '', '', '', '', '', ''),
(485, '', 'Nezumia pudens', 'Animalia', 'Chordata', 'Actinopterygii', 'Gadiformes', 'Macrouridae', 'Nezumia', 272425, '', '', '', '', '', '', ''),
(486, '', 'Nezumia pulchella', 'Animalia', 'Chordata', 'Actinopterygii', 'Gadiformes', 'Macrouridae', 'Nezumia', 272426, '', '', '', '', '', '', ''),
(487, 'Mote - Bacaladillo ', 'Normanichthys crockeri', 'Animalia', 'Chordata', 'Actinopterygii', 'Scorpaeniformes', 'Normanichthyidae', 'Normanichthys', 281762, '', '', '', '', '', '', ''),
(488, '', 'Notacanthus chemnitzii', 'Animalia', 'Chordata', 'Actinopterygii', 'Notacanthiformes', 'Notacanthidae', 'Notacanthus', 126643, '', '', '', '', '', '', ''),
(489, 'Espinudo ', 'Notacanthus sexspinis', 'Animalia', 'Chordata', 'Actinopterygii', 'Notacanthiformes', 'Notacanthidae', 'Notacanthus', 221411, '', '', '', '', '', '', ''),
(490, '', 'Notocheirus hubbsi', 'Animalia', 'Chordata', 'Actinopterygii', 'Atheriniformes', 'Notocheiridae', 'Notocheirus', 281775, '', '', '', '', '', '', ''),
(491, '', 'Notomyxine tridentiger', 'Animalia', 'Chordata', 'Myxini', 'Myxiniformes', 'Myxinidae', 'Notomyxine', 281794, '', '', '', '', '', '', ''),
(492, '', 'Notophycis marginata', 'Animalia', 'Chordata', 'Actinopterygii', 'Gadiformes', 'Moridae', 'Notophycis', 234703, '', '', '', '', '', '', ''),
(493, '', 'Notopogon fernandezianus', 'Animalia', 'Chordata', 'Actinopterygii', 'Syngnathiformes', 'Centriscidae', 'Notopogon', 278994, '', '', '', '', '', '', ''),
(494, '', 'Notorynchus cepedianus', 'Animalia', 'Chordata', 'Elasmobranchii', 'Hexanchiformes', 'Hexanchidae', 'Notorynchus', 217628, '', '', '', '', '', '', ''),
(495, '', 'Notoscopelus resplendens', 'Animalia', 'Chordata', 'Actinopterygii', 'Myctophiformes', 'Myctophidae', 'Notoscopelus', 158916, '', '', '', '', '', '', ''),
(496, '', 'Notothenia angustata', 'Animalia', 'Chordata', 'Actinopterygii', 'Perciformes', 'Nototheniidae', 'Notothenia', 279349, '', '', '', '', '', '', ''),
(497, '', 'Nototheniops nybelini', 'Animalia', 'Chordata', 'Actinopterygii', 'Perciformes', 'Nototheniidae', 'Nototheniops', 234594, '', '', '', '', '', '', ''),
(498, '', 'Odontesthes bonariensis', 'Animalia', 'Chordata', 'Actinopterygii', 'Atheriniformes', 'Atherinidae', 'Odontesthes', 281825, '', '', '', '', '', '', ''),
(499, 'Cauque del norte o de cola cor', 'Odontesthes brevianalis', 'Animalia', 'Chordata', 'Actinopterygii', 'Atheriniformes', 'Atherinidae', 'Odontesthes', 0, '', '', '', '', '', '', ''),
(500, '', 'Odontesthes hatcheri', 'Animalia', 'Chordata', 'Actinopterygii', 'Atheriniformes', 'Atherinidae', 'Odontesthes', 0, '', '', '', '', '', '', ''),
(501, 'Cauque del Maule', 'Odontesthes mauleanum', 'Animalia', 'Chordata', 'Actinopterygii', 'Atheriniformes', 'Atherinidae', 'Odontesthes', 0, '', '', '', '', '', '', ''),
(502, '', 'Odontesthes nigricans', 'Animalia', 'Chordata', 'Actinopterygii', 'Atheriniformes', 'Atherinidae', 'Odontesthes', 281828, '', '', '', '', '', '', ''),
(503, 'Pejerrey de mar o del norte', 'Odontesthes regia', 'Animalia', 'Chordata', 'Actinopterygii', 'Atheriniformes', 'Atherinidae', 'Odontesthes', 281830, '', '', '', '', '', '', ''),
(504, '', 'Odontesthes wiebrichi', 'Animalia', 'Chordata', 'Actinopterygii', 'Atheriniformes', 'Atherinidae', 'Odontesthes', 0, '', '', '', '', '', '', ''),
(505, '', 'Odontostomops normalops', 'Animalia', 'Chordata', 'Actinopterygii', 'Aulopiformes', 'Evermannellidae', 'Odontostomops', 126340, '', '', '', '', '', '', ''),
(506, '', 'Oncorhynchus keta', 'Animalia', 'Chordata', 'Actinopterygii', 'Salmoniformes', 'Salmonidae', 'Oncorhynchus', 127183, '', '', '', '', '', '', ''),
(507, 'Salmón plateado', 'Oncorhynchus kisutch', 'Animalia', 'Chordata', 'Actinopterygii', 'Salmoniformes', 'Salmonidae', 'Oncorhynchus', 127184, '', '', '', '', '', '', ''),
(508, '', 'Oncorhynchus masou masou', 'Animalia', 'Chordata', 'Actinopterygii', 'Salmoniformes', 'Salmonidae', 'Oncorhynchus', 274348, '', '', '', '', '', '', ''),
(509, 'Trucha arcoiris', 'Oncorhynchus mykiss', 'Animalia', 'Chordata', 'Actinopterygii', 'Salmoniformes', 'Salmonidae', 'Oncorhynchus', 127185, '', '', '', '', '', '', ''),
(510, 'Salmón rey', 'Oncorhynchus tshawytscha', 'Animalia', 'Chordata', 'Actinopterygii', 'Salmoniformes', 'Salmonidae', 'Oncorhynchus', 158075, '', '', '', '', '', '', ''),
(511, '', 'Oneirodes eschrichtii', 'Animalia', 'Chordata', 'Actinopterygii', 'Lophiiformes', 'Oneirodidae', 'Oneirodes', 126572, '', '', '', '', '', '', ''),
(512, '', 'Oneirodes heteronema', 'Animalia', 'Chordata', 'Actinopterygii', 'Lophiiformes', 'Oneirodidae', 'Oneirodes', 272629, '', '', '', '', '', '', ''),
(513, '', 'Oneirodes rosenblatti', 'Animalia', 'Chordata', 'Actinopterygii', 'Lophiiformes', 'Oneirodidae', 'Oneirodes', 272639, '', '', '', '', '', '', ''),
(514, 'Anguila común ', 'Ophichthus remiger', 'Animalia', 'Chordata', 'Actinopterygii', 'Anguilliformes', 'Ophichthidae', 'Ophichthus', 271976, '', '', '', '', '', '', ''),
(515, '', 'Ophidion exul', 'Animalia', 'Chordata', 'Actinopterygii', 'Ophidiiformes', 'Ophidiidae', 'Ophidion', 272819, '', '', '', '', '', '', ''),
(516, 'Gobio austral ', 'Ophiogobius jenynsi', 'Animalia', 'Chordata', 'Actinopterygii', 'Perciformes', 'Gobiidae', 'Ophiogobius', 281898, '', '', '', '', '', '', ''),
(517, '', 'Ophthalmolycus chilensis', 'Animalia', 'Chordata', 'Actinopterygii', 'Perciformes', 'Zoarcidae', 'Ophthalmolycus', 279366, '', '', '', '', '', '', ''),
(518, '', 'Ophthalmolycus macrops', 'Animalia', 'Chordata', 'Actinopterygii', 'Perciformes', 'Zoarcidae', 'Ophthalmolycus', 279368, '', '', '', '', '', '', ''),
(519, '', 'Opisthonema libertate', 'Animalia', 'Chordata', 'Actinopterygii', 'Clupeiformes', 'Clupeidae', 'Opisthonema', 275504, '', '', '', '', '', '', ''),
(520, '', 'Opisthoproctus soleatus', 'Animalia', 'Chordata', 'Actinopterygii', 'Osmeriformes', 'Opisthoproctidae', 'Opisthoproctus', 126733, '', '', '', '', '', '', ''),
(521, '', 'Oplegnathus fasciatus', 'Animalia', 'Chordata', 'Actinopterygii', 'Perciformes', 'Oplegnathidae', 'Oplegnathus', 277892, '', '', '', '', '', '', ''),
(522, 'San Pedro', 'Oplegnathus insignis', 'Animalia', 'Chordata', 'Actinopterygii', 'Perciformes', 'Oplegnathidae', 'Oplegnathus', 277893, '', '', '', '', '', '', ''),
(523, '', 'Opostomias micripnus', 'Animalia', 'Chordata', 'Actinopterygii', 'Stomiiformes', 'Stomiidae', 'Opostomias', 281925, '', '', '', '', '', '', ''),
(524, '', 'Orestias agassizii', 'Animalia', 'Chordata', 'Actinopterygii', 'Cyprinodontiformes', 'Cyprinodontidae', 'Orestias', 0, '', '', '', '', '', '', ''),
(525, '', 'Orestias chungarensis', 'Animalia', 'Chordata', 'Actinopterygii', 'Cyprinodontiformes', 'Cyprinodontidae', 'Orestias', 0, '', '', '', '', '', '', ''),
(526, '', 'Orestias gloriae', 'Animalia', 'Chordata', 'Actinopterygii', 'Cyprinodontiformes', 'Cyprinodontidae', 'Orestias', 0, '', '', '', '', '', '', ''),
(527, '', 'Orestias laucaensis', 'Animalia', 'Chordata', 'Actinopterygii', 'Cyprinodontiformes', 'Cyprinodontidae', 'Orestias', 0, '', '', '', '', '', '', ''),
(528, '', 'Orestias parinacotensis', 'Animalia', 'Chordata', 'Actinopterygii', 'Cyprinodontiformes', 'Cyprinodontidae', 'Orestias', 0, '', '', '', '', '', '', ''),
(529, '', 'Orestias piacotensis', 'Animalia', 'Chordata', 'Actinopterygii', 'Cyprinodontiformes', 'Cyprinodontidae', 'Orestias', 0, '', '', '', '', '', '', ''),
(530, '', 'Osopsaron karlik', 'Animalia', 'Chordata', 'Actinopterygii', 'Perciformes', 'Percophidae', 'Osopsaron', 277369, '', '', '', '', '', '', ''),
(531, '', 'Pachycara mesoporum', 'Animalia', 'Chordata', 'Actinopterygii', 'Perciformes', 'Zoarcidae', 'Pachycara', 274142, '', '', '', '', '', '', ''),
(532, '', 'Pachycara pammelas', 'Animalia', 'Chordata', 'Actinopterygii', 'Perciformes', 'Zoarcidae', 'Pachycara', 274145, '', '', '', '', '', '', ''),
(533, '', 'Parabothus amaokai', 'Animalia', 'Chordata', 'Actinopterygii', 'Pleuronectiformes', 'Bothidae', 'Parabothus', 281999, '', '', '', '', '', '', ''),
(534, '', 'Paradiplospinus antarcticus', 'Animalia', 'Chordata', 'Actinopterygii', 'Perciformes', 'Gempylidae', 'Paradiplospinus', 234697, '', '', '', '', '', '', ''),
(535, 'Cabrilla española o común - Lu', 'Paralabrax humeralis', 'Animalia', 'Chordata', 'Actinopterygii', 'Perciformes', 'Serranidae', 'Paralabrax', 282056, 'Océano Pacifico desde Ecuador hasta el extremo austral de Chile. Archipiélago de Juan Fernández y Galápagos incluidos', 'Cuerpo moderadamente alargado y levemente comprimido - presenta una forma fusiforme ideal. Perfil dorsal levemente convexo con pedúnculo caudal comprimido. Posee boca terminal grande y oblicua - la mandíbula inferior se proyecta sobre la inferior. Preopérculo finamente aserrado. La aleta dorsal inicia sobre la base de las aletas pectorales - destacando la tercera espina como la más larga. Presenta una aleta caudal truncada o levemente cóncava. La coloración observada para especimenes maduros e marrón rojiza - a marrón claro - se pueden apreciar de 4 a 7 bandas laterales obscuras y numerosos puntos que le otorgan un aspecto abigarrado. Tanto la aleta dorsal como la caudal presenta coloración mas anaranjada en si sector mas apical.', 'Es un pez con hábitos principalmente carcinófagos - aunque también se alimenta de pequeños peces. Su principal presa es el camarón de roca Rhinchocynetes typus), y tijeretas del genero Petrolisthes sp', 'No es explotado por pesquería comercial. La explotación de esta especie es realizada por pescadores artesanales y buzos - para ser comercializada en mercados locales y caletas.', 'Para esta especie a sido descrito un hermafroditismo protogínico - es decir con inversión de sexo - pasando de hembra a macho al alcanzar ciertas tallas. La talla de primera madurez sexual para la cabrilla común en el norte de chile ha sido determinada en 19 -3 LT', '', ''),
(536, 'Lenguado chileno', 'Paralichthys adspersus', 'Animalia', 'Chordata', 'Actinopterygii', 'Pleuronectiformes', 'Paralichthyidae', 'Paralichthys', 275806, '', '', '', '', '', '', ''),
(537, '', 'Paralichthys delfini', 'Animalia', 'Chordata', 'Actinopterygii', 'Pleuronectiformes', 'Paralichthyidae', 'Paralichthys', 275811, '', '', '', '', '', '', ''),
(538, 'Lenguado de ojo chico ', 'Paralichthys microps', 'Animalia', 'Chordata', 'Actinopterygii', 'Pleuronectiformes', 'Paralichthyidae', 'Paralichthys', 275815, '', '', '', '', '', '', ''),
(539, 'Lenguado de la Patagonia', 'Paralichthys patagonicus', 'Animalia', 'Chordata', 'Actinopterygii', 'Pleuronectiformes', 'Paralichthyidae', 'Paralichthys', 275818, '', '', '', '', '', '', ''),
(540, '', 'Paraliparis antarcticus', 'Animalia', 'Chordata', 'Actinopterygii', 'Scorpaeniformes', 'Liparidae', 'Paraliparis', 274548, '', '', '', '', '', '', ''),
(541, '', 'Paraliparis debueni', 'Animalia', 'Chordata', 'Actinopterygii', 'Scorpaeniformes', 'Liparidae', 'Paraliparis', 274571, '', '', '', '', '', '', ''),
(542, '', 'Paraliparis eltanini', 'Animalia', 'Chordata', 'Actinopterygii', 'Scorpaeniformes', 'Liparidae', 'Paraliparis', 274576, '', '', '', '', '', '', ''),
(543, '', 'Paraliparis leucogaster', 'Animalia', 'Chordata', 'Actinopterygii', 'Scorpaeniformes', 'Liparidae', 'Paraliparis', 234622, '', '', '', '', '', '', ''),
(544, '', 'Paraliparis meganchus', 'Animalia', 'Chordata', 'Actinopterygii', 'Scorpaeniformes', 'Liparidae', 'Paraliparis', 234769, '', '', '', '', '', '', ''),
(545, '', 'Paraliparis membranaceus', 'Animalia', 'Chordata', 'Actinopterygii', 'Scorpaeniformes', 'Liparidae', 'Paraliparis', 127228, '', '', '', '', '', '', ''),
(546, '', 'Paraliparis merodontus', 'Animalia', 'Chordata', 'Actinopterygii', 'Scorpaeniformes', 'Liparidae', 'Paraliparis', 274599, '', '', '', '', '', '', ''),
(547, '', 'Paraliparis molinai', 'Animalia', 'Chordata', 'Actinopterygii', 'Scorpaeniformes', 'Liparidae', 'Paraliparis', 274600, '', '', '', '', '', '', ''),
(548, '', 'Paraliparis monoporus', 'Animalia', 'Chordata', 'Actinopterygii', 'Scorpaeniformes', 'Liparidae', 'Paraliparis', 234842, '', '', '', '', '', '', ''),
(549, '', 'Paraliparis skeliphrus', 'Animalia', 'Chordata', 'Actinopterygii', 'Scorpaeniformes', 'Liparidae', 'Paraliparis', 274609, '', '', '', '', '', '', ''),
(550, '', 'Paraliparis somovi', 'Animalia', 'Chordata', 'Actinopterygii', 'Scorpaeniformes', 'Liparidae', 'Paraliparis', 234778, '', '', '', '', '', '', ''),
(551, 'Rococo', 'Paralonchurus peruanus', 'Animalia', 'Chordata', 'Actinopterygii', 'Perciformes', 'Sciaenidae', 'Paralonchurus', 282066, '', '', '', '', '', '', ''),
(552, '', 'Paranotothenia magellanica', 'Animalia', 'Chordata', 'Actinopterygii', 'Perciformes', 'Nototheniidae', 'Paranotothenia', 234645, '', '', '', '', '', '', ''),
(553, 'Palometa pintada', 'Parona signata', 'Animalia', 'Chordata', 'Actinopterygii', 'Perciformes', 'Carangidae', 'Parona', 282169, '', '', '', '', '', '', ''),
(554, '', 'Patagonotothen brevicauda brevicaud', 'Animalia', 'Chordata', 'Actinopterygii', 'Perciformes', 'Nototheniidae', 'Patagonotothen', 293704, '', '', '', '', '', '', ''),
(555, '', 'Patagonotothen cornucola', 'Animalia', 'Chordata', 'Actinopterygii', 'Perciformes', 'Nototheniidae', 'Patagonotothen', 279339, '', '', '', '', '', '', ''),
(556, '', 'Patagonotothen elegans', 'Animalia', 'Chordata', 'Actinopterygii', 'Perciformes', 'Nototheniidae', 'Patagonotothen', 279340, '', '', '', '', '', '', ''),
(557, '', 'Patagonotothen jordani', 'Animalia', 'Chordata', 'Actinopterygii', 'Perciformes', 'Nototheniidae', 'Patagonotothen', 279341, '', '', '', '', '', '', ''),
(558, '', 'Patagonotothen kreffti', 'Animalia', 'Chordata', 'Actinopterygii', 'Perciformes', 'Nototheniidae', 'Patagonotothen', 279342, '', '', '', '', '', '', ''),
(559, '', 'Patagonotothen longipes', 'Animalia', 'Chordata', 'Actinopterygii', 'Perciformes', 'Nototheniidae', 'Patagonotothen', 279343, '', '', '', '', '', '', ''),
(560, 'Nototenia', 'Patagonotothen ramsayi', 'Animalia', 'Chordata', 'Actinopterygii', 'Perciformes', 'Nototheniidae', 'Patagonotothen', 234633, '', '', '', '', '', '', ''),
(561, '', 'Patagonotothen sima', 'Animalia', 'Chordata', 'Actinopterygii', 'Perciformes', 'Nototheniidae', 'Patagonotothen', 279344, '', '', '', '', '', '', ''),
(562, '', 'Patagonotothen squamiceps', 'Animalia', 'Chordata', 'Actinopterygii', 'Perciformes', 'Nototheniidae', 'Patagonotothen', 279345, '', '', '', '', '', '', ''),
(563, '', 'Patagonotothen tessellata', 'Animalia', 'Chordata', 'Actinopterygii', 'Perciformes', 'Nototheniidae', 'Patagonotothen', 279346, '', '', '', '', '', '', ''),
(564, '', 'Patagonotothen thompsoni', 'Animalia', 'Chordata', 'Actinopterygii', 'Perciformes', 'Nototheniidae', 'Patagonotothen', 279347, '', '', '', '', '', '', ''),
(565, '', 'Patagonotothen wiltoni', 'Animalia', 'Chordata', 'Actinopterygii', 'Perciformes', 'Nototheniidae', 'Patagonotothen', 279348, '', '', '', '', '', '', ''),
(566, '', 'Pentaceros quinquespinis', 'Animalia', 'Chordata', 'Actinopterygii', 'Perciformes', 'Pentacerotidae', 'Pentaceros', 279266, '', '', '', '', '', '', ''),
(567, '', 'Pseudopentaceros richardsoni', 'Animalia', 'Chordata', 'Actinopterygii', 'Perciformes', 'Pentacerotidae', 'Pseudopentaceros', 218773, '', '', '', '', '', '', ''),
(568, '', 'Percichthys chilensis', 'Animalia', 'Chordata', 'Actinopterygii', 'Perciformes', 'Percichthyidae', 'Percichthys', 0, '', '', '', '', '', '', ''),
(569, 'Trucha negra', 'Percichthys melanops', 'Animalia', 'Chordata', 'Actinopterygii', 'Perciformes', 'Percichthyidae', 'Percichthys', 0, '', '', '', '', '', '', ''),
(570, 'Trucha criolla - Perca', 'Percichthys trucha', 'Animalia', 'Chordata', 'Actinopterygii', 'Perciformes', 'Percichthyidae', 'Percichthys', 0, '', '', '', '', '', '', ''),
(571, 'Carmelita común', 'Percilia gillissi', 'Animalia', 'Chordata', 'Actinopterygii', 'Perciformes', 'Percichthyidae', 'Percilia', 0, '', '', '', '', '', '', ''),
(572, 'Carmelita de Concepción', 'Percilia irwini', 'Animalia', 'Chordata', 'Actinopterygii', 'Perciformes', 'Percichthyidae', 'Percilia', 0, '', '', '', '', '', '', ''),
(573, '', 'Photonectes munificus', 'Animalia', 'Chordata', 'Actinopterygii', 'Perciformes', 'Stomiidae', 'Photonectes', 275176, '', '', '', '', '', '', ''),
(574, '', 'Photostomias guernei', 'Animalia', 'Chordata', 'Actinopterygii', 'Stomiiformes', 'Stomiidae', 'Photostomias', 127372, '', '', '', '', '', '', '');
INSERT INTO `especies` (`id`, `nombre_comun`, `nombre_cientifico`, `kingdom`, `phylum`, `class`, `order`, `family`, `genus`, `aphia`, `distribucion_geografica`, `descripcion`, `ecologia`, `importancia_economica`, `biologia_reproductiva`, `referencias`, `ruta`) VALUES
(575, '', 'Phucocoetes latitans', 'Animalia', 'Chordata', 'Actinopterygii', 'Perciformes', 'Zoarcidae', 'Phucocoetes', 282247, '', '', '', '', '', '', ''),
(576, '', 'Physiculus hexacytus', 'Animalia', 'Chordata', 'Actinopterygii', 'Gadiformes', 'Moridae', 'Physiculus', 272494, '', '', '', '', '', '', ''),
(577, '', 'Physiculus parini', 'Animalia', 'Chordata', 'Actinopterygii', 'Gadiformes', 'Moridae', 'Physiculus', 272509, '', '', '', '', '', '', ''),
(578, '', 'Physiculus sazonovi', 'Animalia', 'Chordata', 'Actinopterygii', 'Gadiformes', 'Moridae', 'Physiculus', 272513, '', '', '', '', '', '', ''),
(579, 'Rollizo ', 'Pinguipes chilensis', 'Animalia', 'Chordata', 'Actinopterygii', 'Perciformes', 'Pinguipedidae', 'Pinguipes', 279407, '', '', '', '', '', '', ''),
(580, '', 'Plectranthias parini', 'Animalia', 'Chordata', 'Actinopterygii', 'Perciformes', 'Serranidae', 'Plectranthias', 279020, '', '', '', '', '', '', ''),
(581, '', 'Plectrypops lima', 'Animalia', 'Chordata', 'Actinopterygii', 'Beryciformes', 'Holocentridae', 'Plectrypops', 217937, '', '', '', '', '', '', ''),
(582, '', 'Pogonolycus elegans', 'Animalia', 'Chordata', 'Actinopterygii', 'Perciformes', 'Zoarcidae', 'Pogonolycus', 282311, '', '', '', '', '', '', ''),
(583, '', 'Pogonolycus marinae', 'Animalia', 'Chordata', 'Actinopterygii', 'Perciformes', 'Zoarcidae', 'Pogonolycus', 282312, '', '', '', '', '', '', ''),
(584, '', 'Polyipnus inermis', 'Animalia', 'Chordata', 'Actinopterygii', 'Stomiiformes', 'Sternoptychidae', 'Polyipnus', 274984, '', '', '', '', '', '', ''),
(585, '', 'Polymetme corythaeola', 'Animalia', 'Chordata', 'Actinopterygii', 'Stomiiformes', 'Phosichthyidae', 'Polymetme', 127300, '', '', '', '', '', '', ''),
(586, 'Bacalao de Juan Fernández', 'Polyprion oxygeneios', 'Animalia', 'Chordata', 'Actinopterygii', 'Perciformes', 'Polyprionidae', 'Polyprion', 221430, '', '', '', '', '', '', ''),
(587, '', 'Pomadasys bipunctatus', 'Animalia', 'Chordata', 'Actinopterygii', 'Perciformes', 'Haemulidae', 'Pomadasys', 273502, '', '', '', '', '', '', ''),
(588, '', 'Poromitra atlantica', 'Animalia', 'Chordata', 'Actinopterygii', 'Stephanoberyciformes', 'Melamphaidae', 'Poromitra', 474943, '', '', '', '', '', '', ''),
(589, '', 'Poromitra macrophthalma', 'Animalia', 'Chordata', 'Actinopterygii', 'Stephanoberyciformes', 'Melamphaidae', 'Poromitra', 712529, '', '', '', '', '', '', ''),
(590, '', 'Praematoliparis anarthractae', 'Animalia', 'Chordata', 'Actinopterygii', 'Scorpaeniformes', 'Liparidae', 'Praematoliparis', 282342, '', '', '', '', '', '', ''),
(591, 'Tiburón azulejo', 'Prionace glauca', 'Animalia', 'Chordata', 'Elasmobranchii', 'Carcharhiniformes', 'Carcharhinidae', 'Prionace', 105801, '', '', '', '', '', '', ''),
(592, '', 'Prionotus ruscarius', 'Animalia', 'Chordata', 'Actinopterygii', 'Scorpaeniformes', 'Triglidae', 'Prionotus', 276290, '', '', '', '', '', '', ''),
(593, '', 'Prionotus stephanophrys', 'Animalia', 'Chordata', 'Actinopterygii', 'Scorpaeniformes', 'Triglidae', 'Prionotus', 276291, '', '', '', '', '', '', ''),
(594, '', 'Pristilepis oligolepis', 'Animalia', 'Chordata', 'Actinopterygii', 'Beryciformes', 'Holocentridae', 'Pristilepis', 217938, '', '', '', '', '', '', ''),
(595, 'Blanquillo ', 'Prolatilus jugularis', 'Animalia', 'Chordata', 'Actinopterygii', 'Perciformes', 'Pinguipedidae', 'Prolatilus', 282360, '', '', '', '', '', '', ''),
(596, '', 'Protomyctophum chilense', 'Animalia', 'Chordata', 'Actinopterygii', 'Myctophiformes', 'Myctophidae', 'Protomyctophum', 272730, '', '', '', '', '', '', ''),
(597, '', 'Protomyctophum parallelum', 'Animalia', 'Chordata', 'Actinopterygii', 'Myctophiformes', 'Myctophidae', 'Protomyctophum', 234839, '', '', '', '', '', '', ''),
(598, '', 'Protomyctophum subparallelum', 'Animalia', 'Chordata', 'Actinopterygii', 'Myctophiformes', 'Myctophidae', 'Protomyctophum', 217716, '', '', '', '', '', '', ''),
(599, '', 'Psammobatis normani', 'Animalia', 'Chordata', 'Elasmobranchii', 'Rajiformes', 'Arhynchobatidae', 'Psammobatis', 282390, '', '', '', '', '', '', ''),
(600, '', 'Psammobatis rudis', 'Animalia', 'Chordata', 'Elasmobranchii', 'Rajiformes', 'Arhynchobatidae', 'Psammobatis', 282392, '', '', '', '', '', '', ''),
(601, '', 'Psammobatis scobina', 'Animalia', 'Chordata', 'Elasmobranchii', 'Rajiformes', 'Arhynchobatidae', 'Psammobatis', 282394, '', '', '', '', '', '', ''),
(602, '', 'Psenes pellucidus', 'Animalia', 'Chordata', 'Actinopterygii', 'Perciformes', 'Nomeidae', 'Psenes', 126993, '', '', '', '', '', '', ''),
(603, '', 'Psenes sio', 'Animalia', 'Chordata', 'Actinopterygii', 'Perciformes', 'Nomeidae', 'Psenes', 273682, '', '', '', '', '', '', ''),
(604, '', 'Pseudaphritis undulatus', 'Animalia', 'Chordata', 'Actinopterygii', 'Perciformes', 'Pseudaphritidae', 'Pseudaphritis', 282400, '', '', '', '', '', '', ''),
(605, '', 'Pseudobalistes naufragium', 'Animalia', 'Chordata', 'Actinopterygii', 'Tetraodontiformes', 'Balistidae', 'Pseudobalistes', 279161, '', '', '', '', '', '', ''),
(606, '', 'Pseudocarcharias kamoharai', 'Animalia', 'Chordata', 'Elasmobranchii', 'Lamniformes', 'Pseudocarchariidae', 'Pseudocarcharias', 217632, '', '', '', '', '', '', ''),
(607, '', 'Pseudocyttus maculatus', 'Animalia', 'Chordata', 'Actinopterygii', 'Zeiformes', 'Oreosomatidae', 'Pseudocyttus', 127424, '', '', '', '', '', '', ''),
(608, '', 'Pseudomancopsetta andriashevi', 'Animalia', 'Chordata', 'Actinopterygii', 'Pleuronectiformes', 'Achiropsettidae', 'Pseudomancopsetta', 234798, '', '', '', '', '', '', ''),
(609, '', 'Pseudoscopelus lavenbergi', 'Animalia', 'Chordata', 'Actinopterygii', 'Perciformes', 'Chiasmodontidae', 'Pseudoscopelus', 398598, '', '', '', '', '', '', ''),
(610, '', 'Pseudupeneus grandisquamis', 'Animalia', 'Chordata', 'Actinopterygii', 'Perciformes', 'Mullidae', 'Pseudupeneus', 273662, '', '', '', '', '', '', ''),
(611, '', 'Psychrolutes marmoratus', 'Animalia', 'Chordata', 'Actinopterygii', 'Scorpaeniformes', 'Psychrolutidae', 'Psychrolutes', 274675, '', '', '', '', '', '', ''),
(612, 'Pez chancho ', 'Psychrolutes sio', 'Animalia', 'Chordata', 'Actinopterygii', 'Scorpaeniformes', 'Psychrolutidae', 'Psychrolutes', 274680, '', '', '', '', '', '', ''),
(613, '', 'Pteroplatytrygon violacea', 'Animalia', 'Chordata', 'Elasmobranchii', 'Rajiformes', 'Dasyatidae', 'Pteroplatytrygon', 158540, '', '', '', '', '', '', ''),
(614, '', 'Pteropsaron incisum', 'Animalia', 'Chordata', 'Actinopterygii', 'Perciformes', 'Percophidae', 'Pteropsaron', 277644, '', '', '', '', '', '', ''),
(615, '', 'Racovitzia harrissoni', 'Animalia', 'Chordata', 'Actinopterygii', 'Perciformes', 'Bathydraconidae', 'Racovitzia', 279396, '', '', '', '', '', '', ''),
(616, '', 'Rajella nigerrima', 'Animalia', 'Chordata', 'Elasmobranchii', 'Rajiformes', 'Rajidae', 'Rajella', 271590, '', '', '', '', '', '', ''),
(617, '', 'Rajella sadowskii', 'Animalia', 'Chordata', 'Elasmobranchii', 'Rajiformes', 'Rajidae', 'Rajella', 271592, '', '', '', '', '', '', ''),
(618, '', 'Ranzania laevis', 'Animalia', 'Chordata', 'Actinopterygii', 'Tetraodontiformes', 'Molidae', 'Ranzania', 127406, '', '', '', '', '', '', ''),
(619, '', 'Regalecus glesne', 'Animalia', 'Chordata', 'Actinopterygii', 'Lampriformes', 'Regalecidae', 'Regalecus', 126525, '', '', '', '', '', '', ''),
(620, '', 'Remora albescens', 'Animalia', 'Chordata', 'Actinopterygii', 'Perciformes', 'Echeneidae', 'Remora', 302877, '', '', '', '', '', '', ''),
(621, '', 'Remora australis', 'Animalia', 'Chordata', 'Actinopterygii', 'Perciformes', 'Echeneidae', 'Remora', 126850, '', '', '', '', '', '', ''),
(622, '', 'Remora brachyptera', 'Animalia', 'Chordata', 'Actinopterygii', 'Perciformes', 'Echeneidae', 'Remora', 126851, '', '', '', '', '', '', ''),
(623, '', 'Remora remora', 'Animalia', 'Chordata', 'Actinopterygii', 'Perciformes', 'Echeneidae', 'Remora', 126853, '', '', '', '', '', '', ''),
(624, '', 'Rexea brevilineata', 'Animalia', 'Chordata', 'Actinopterygii', 'Perciformes', 'Gempylidae', 'Rexea', 276889, '', '', '', '', '', '', ''),
(625, '', 'Rhincodon typus', 'Animalia', 'Chordata', 'Elasmobranchii', 'Orectolobiformes', 'Rhincodontidae', 'Rhincodon', 105847, '', '', '', '', '', '', ''),
(626, '', 'Rhinobatos planiceps', 'Animalia', 'Chordata', 'Elasmobranchii', 'Rajiformes', 'Rhinobatidae', 'Rhinobatos', 271606, '', '', '', '', '', '', ''),
(627, '', 'Rhinochimaera pacifica', 'Animalia', 'Chordata', 'Holocephali', 'Chimaeriformes', 'Rhinochimaeridae', 'Rhinochimaera', 271420, '', '', '', '', '', '', ''),
(628, '', 'Rosenblattichthys volucris', 'Animalia', 'Chordata', 'Actinopterygii', 'Aulopiformes', 'Scopelarchidae', 'Rosenblattichthys', 272106, '', '', '', '', '', '', ''),
(629, '', 'Rouleina maderensis', 'Animalia', 'Chordata', 'Actinopterygii', 'Osmeriformes', 'Alepocephalidae', 'Rouleina', 126710, '', '', '', '', '', '', ''),
(630, '', 'Ruvettus pretiosus', 'Animalia', 'Chordata', 'Actinopterygii', 'Perciformes', 'Gempylidae', 'Ruvettus', 126867, '', '', '', '', '', '', ''),
(631, '', 'Saccopharynx lavenbergi', 'Animalia', 'Chordata', 'Actinopterygii', 'Saccopharyngiformes', 'Saccopharyngidae', 'Saccopharynx', 274336, '', '', '', '', '', '', ''),
(632, '', 'Sagamichthys abei', 'Animalia', 'Chordata', 'Actinopterygii', 'Osmeriformes', 'Platytroctidae', 'Sagamichthys', 234630, '', '', '', '', '', '', ''),
(633, 'Renacuajo de mar - Brútola', 'Salilota australis', 'Animalia', 'Chordata', 'Actinopterygii', 'Gadiformes', 'Moridae', 'Salilota', 282654, '', '', '', '', '', '', ''),
(634, 'Salmón del Atlántico', 'Salmo salar', 'Animalia', 'Chordata', 'Actinopterygii', 'Salmoniformes', 'Salmonidae', 'Salmo', 127186, '', '', '', '', '', '', ''),
(635, 'Trucha común', 'Salmo trutta', 'Animalia', 'Chordata', 'Actinopterygii', 'Salmoniformes', 'Salmonidae', 'Salmo', 127187, '', '', '', '', '', '', ''),
(636, '', 'Salvelinus fontinalis', 'Animalia', 'Chordata', 'Actinopterygii', 'Salmoniformes', 'Salmonidae', 'Salvelinus', 154241, '', '', '', '', '', '', ''),
(637, 'Bonito - Mono', 'Sarda chiliensis', 'Animalia', 'Chordata', 'Actinopterygii', 'Perciformes', 'Scombridae', 'Sarda', 293729, '', '', '', '', '', '', ''),
(638, 'Sardina española ', 'Sardinops sagax', 'Animalia', 'Chordata', 'Actinopterygii', 'Clupeiformes', 'Clupeidae', 'Sardinops', 217452, '', '', '', '', '', '', ''),
(639, '', 'Sargocentron punctatissimum', 'Animalia', 'Chordata', 'Actinopterygii', 'Beryciformes', 'Holocentridae', 'Sargocentron', 217941, '', '', '', '', '', '', ''),
(640, '', 'Scartichthys crapulatus', 'Animalia', 'Chordata', 'Actinopterygii', 'Perciformes', 'Blenniidae', 'Scartichthys', 282673, '', '', '', '', '', '', ''),
(641, 'Borrachilla listada', 'Scartichthys gigas', 'Animalia', 'Chordata', 'Actinopterygii', 'Perciformes', 'Blenniidae', 'Scartichthys', 282674, 'Océano Pacifico desde Panamá hasta extremo sur de Chile', 'Cuerpo alargado y ligeramente comprimido - perfil anterior de la cabeza muy convexo. Presenta una coloración variable con manchas reticuladas con 2 bandas a lo largo del cuerpo. En algunos ejemplares se puede apreciar una mancha oscura detrás del ojo y otra al comienzo de la aleta dorsal - entre la primera y tercera espina dorsal. La aleta dorsal presenta el borde más claro que el resto del cuerpo. Aleta anal con 16 radios aleta dorsal larga y muesqueada - con 12 espinas y 16 radios. Posee Cirros orbitales. Piel lisa sin escamas y rica en elementos glandulares secretores de mucina. Aletas ventrales en posición yugular y reducidas', 'No posee vejiga natatoria. Las pequeñas aletas ventrales la ayudan a desplazarse por los fondos. Presenta hábitos omnívoros - se alimenta principalmente de pequeños moluscos poliquetos y crustáceos. Se pueden observar dientes de punta roma montados en encías móviles', 'No posee.', 'Especie gonocócica.', '', ''),
(642, 'Borrachilla verde', 'Scartichthys viridis', 'Animalia', 'Chordata', 'Actinopterygii', 'Perciformes', 'Blenniidae', 'Scartichthys', 282676, '', '', '', '', '', '', ''),
(643, 'Borrachilla de Juan Fernandez', 'Scartichthys variolatus', 'Animalia', 'Chordata', 'Actinopterygii', 'Perciformes', 'Blenniidae', 'Scartichthys', 282675, '', '', '', '', '', '', ''),
(644, '', 'Schedophilus huttoni', 'Animalia', 'Chordata', 'Actinopterygii', 'Perciformes', 'Centrolophidae', 'Schedophilus', 219741, '', '', '', '', '', '', ''),
(645, '', 'Schedophilus velaini', 'Animalia', 'Chordata', 'Actinopterygii', 'Perciformes', 'Centrolophidae', 'Schedophilus', 219742, '', '', '', '', '', '', ''),
(646, '', 'Schismorhynchus labialis', 'Animalia', 'Chordata', 'Actinopterygii', 'Anguilliformes', 'Ophichthidae', 'Schismorhynchus', 217595, '', '', '', '', '', '', ''),
(647, '', 'Schroederichthys bivius', 'Animalia', 'Chordata', 'Elasmobranchii', 'Carcharhiniformes', 'Scyliorhinidae', 'Schroederichthys', 282684, '', '', '', '', '', '', ''),
(648, 'Pintaroja ', 'Schroederichthys chilensis', 'Animalia', 'Chordata', 'Elasmobranchii', 'Carcharhiniformes', 'Scyliorhinidae', 'Schroederichthys', 282685, '', '', '', '', '', '', ''),
(649, '', 'Sciadonus pedicellaris', 'Animalia', 'Chordata', 'Actinopterygii', 'Ophidiiformes', 'Aphyonidae', 'Sciadonus', 126653, '', '', '', '', '', '', ''),
(650, 'Roncacho - Corvinilla', 'Sciaena deliciosa', 'Animalia', 'Chordata', 'Actinopterygii', 'Perciformes', 'Sciaenidae', 'Sciaena', 273790, '', '', '', '', '', '', ''),
(651, 'Sargo de peña - Roncacho', 'Cheilotrema fasciatum', 'Animalia', 'Chordata', 'Actinopterygii', 'Perciformes', 'Sciaenidae', 'Cheilotrema', 293659, '', '', '', '', '', '', ''),
(652, 'Caballa ', 'Scomber japonicus', 'Animalia', 'Chordata', 'Actinopterygii', 'Perciformes', 'Scombridae', 'Scomber', 127022, '', '', '', '', '', '', ''),
(653, 'Agujilla ', 'Scomberesox saurus scombroides', 'Animalia', 'Chordata', 'Actinopterygii', 'Beloniformes', 'Scomberesocidae', 'Scombresox', 293736, '', '', '', '', '', '', ''),
(654, '', 'Scomberomorus sierra', 'Animalia', 'Chordata', 'Actinopterygii', 'Perciformes', 'Scombridae', 'Scomberomorus', 273821, '', '', '', '', '', '', ''),
(655, '', 'Scopelarchoides nicholsi', 'Animalia', 'Chordata', 'Actinopterygii', 'Aulopiformes', 'Scopelarchidae', 'Scopelarchoides', 275617, '', '', '', '', '', '', ''),
(656, '', 'Scopelarchus analis', 'Animalia', 'Chordata', 'Actinopterygii', 'Aulopiformes', 'Scopelarchidae', 'Scopelarchus', 126367, '', '', '', '', '', '', ''),
(657, '', 'Scopelarchus guentheri', 'Animalia', 'Chordata', 'Actinopterygii', 'Aulopiformes', 'Scopelarchidae', 'Scopelarchus', 217724, '', '', '', '', '', '', ''),
(658, '', 'Scopelengys tristis', 'Animalia', 'Chordata', 'Actinopterygii', 'Myctophiformes', 'Neoscopelidae', 'Scopelengys', 126636, '', '', '', '', '', '', ''),
(659, '', 'Scopeloberyx microlepis', 'Animalia', 'Chordata', 'Actinopterygii', 'Stephanoberyciformes', 'Melamphaidae', 'Scopeloberyx', 274941, '', '', '', '', '', '', ''),
(660, '', 'Scopeloberyx opisthopterus', 'Animalia', 'Chordata', 'Actinopterygii', 'Stephanoberyciformes', 'Melamphaidae', 'Scopeloberyx', 127275, '', '', '', '', '', '', ''),
(661, '', 'Scopeloberyx robustus', 'Animalia', 'Chordata', 'Actinopterygii', 'Stephanoberyciformes', 'Melamphaidae', 'Scopeloberyx', 127276, '', '', '', '', '', '', ''),
(662, '', 'Scopelogadus beanii', 'Animalia', 'Chordata', 'Actinopterygii', 'Stephanoberyciformes', 'Melamphaidae', 'Scopelogadus', 127278, '', '', '', '', '', '', ''),
(663, '', 'Scopelogadus bispinosus', 'Animalia', 'Chordata', 'Actinopterygii', 'Stephanoberyciformes', 'Melamphaidae', 'Scopelogadus', 306621, '', '', '', '', '', '', ''),
(664, '', 'Scopelogadus mizolepis', 'Animalia', 'Chordata', 'Actinopterygii', 'Stephanoberyciformes', 'Melamphaidae', 'Scopelogadus', 127279, '', '', '', '', '', '', ''),
(665, '', 'Scopelopsis multipunctatus', 'Animalia', 'Chordata', 'Actinopterygii', 'Myctophiformes', 'Myctophidae', 'Scopelopsis', 217717, '', '', '', '', '', '', ''),
(666, '', 'Scopelosaurus hubbsi', 'Animalia', 'Chordata', 'Actinopterygii', 'Aulopiformes', 'Notosudidae', 'Scopelosaurus', 272085, '', '', '', '', '', '', ''),
(667, 'Turbot', 'Scophthalmus maximus', 'Animalia', 'Chordata', 'Actinopterygii', 'Pleuronectiformes', 'Scophthalmidae', 'Scophthalmus', 127149, '', '', '', '', '', '', ''),
(668, 'Peje-diablo', 'Scorpaena histrio', 'Animalia', 'Chordata', 'Actinopterygii', 'Scorpaeniformes', 'Scorpaenidae', 'Scorpaena', 274716, '', '', '', '', '', '', ''),
(669, '', 'Scorpaena mystes', 'Animalia', 'Chordata', 'Actinopterygii', 'Scorpaeniformes', 'Scorpaenidae', 'Scorpaena', 274726, '', '', '', '', '', '', ''),
(670, '', 'Scorpaena pascuensis', 'Animalia', 'Chordata', 'Actinopterygii', 'Scorpaeniformes', 'Scorpaenidae', 'Scorpaena', 274732, '', '', '', '', '', '', ''),
(671, '', 'Scorpaena tierrae', 'Animalia', 'Chordata', 'Actinopterygii', 'Scorpaeniformes', 'Scorpaenidae', 'Scorpaena', 274740, '', '', '', '', '', '', ''),
(672, '', 'Scorpaena uncinata', 'Animalia', 'Chordata', 'Actinopterygii', 'Scorpaeniformes', 'Scorpaenidae', 'Scorpaena', 274741, '', '', '', '', '', '', ''),
(673, 'Pampanito de J.Fernández', 'Scorpis chilensis', 'Animalia', 'Chordata', 'Actinopterygii', 'Perciformes', 'Kyphosidae', 'Scorpis', 282729, '', '', '', '', '', '', ''),
(674, '', 'Scymnodalatias oligodon', 'Animalia', 'Chordata', 'Elasmobranchii', 'Squaliformes', 'Somniosidae', 'Scymnodalatias', 271652, '', '', '', '', '', '', ''),
(675, 'Cabrilla común o española - Ca', 'Sebastes capensis', 'Animalia', 'Chordata', 'Actinopterygii', 'Scorpaeniformes', 'Sebastidae', 'Sebastes', 221446, '', '', '', '', '', '', ''),
(676, 'Peje perro ', 'Semicossyphus darwini', 'Animalia', 'Chordata', 'Actinopterygii', 'Perciformes', 'Labridae', 'Semicossyphus', 282752, '', '', '', '', '', '', ''),
(677, 'Dorado - Palometa - Toremo - V', 'Seriola lalandi', 'Animalia', 'Chordata', 'Actinopterygii', 'Perciformes', 'Carangidae', 'Seriola', 218436, '', '', '', '', '', '', ''),
(678, 'Cojinoba del sur', 'Seriolella caerulea', 'Animalia', 'Chordata', 'Actinopterygii', 'Perciformes', 'Centrolophidae', 'Seriolella', 282756, '', '', '', '', '', '', ''),
(679, 'Cojinova del norte ', 'Seriolella porosa', 'Animalia', 'Chordata', 'Actinopterygii', 'Perciformes', 'Centrolophidae', 'Seriolella', 282757, '', '', '', '', '', '', ''),
(680, 'Cojinoba moteada ', 'Seriolella punctata', 'Animalia', 'Chordata', 'Actinopterygii', 'Perciformes', 'Centrolophidae', 'Seriolella', 282758, '', '', '', '', '', '', ''),
(681, 'Cojinoba del norte ', 'Seriolella violacea', 'Animalia', 'Chordata', 'Actinopterygii', 'Perciformes', 'Centrolophidae', 'Seriolella', 282760, '', '', '', '', '', '', ''),
(682, '', 'Serranus psittacinus', 'Animalia', 'Chordata', 'Actinopterygii', 'Perciformes', 'Serranidae', 'Serranus', 273904, '', '', '', '', '', '', ''),
(683, '', 'Serrivomer bertini', 'Animalia', 'Chordata', 'Actinopterygii', 'Anguilliformes', 'Serrivomeridae', 'Serrivomer', 271999, '', '', '', '', '', '', ''),
(684, '', 'Serrivomer jesperseni', 'Animalia', 'Chordata', 'Actinopterygii', 'Anguilliformes', 'Serrivomeridae', 'Serrivomer', 272002, '', '', '', '', '', '', ''),
(685, '', 'Serrivomer sector', 'Animalia', 'Chordata', 'Actinopterygii', 'Anguilliformes', 'Serrivomeridae', 'Serrivomer', 272005, '', '', '', '', '', '', ''),
(686, '', 'Setarches guentheri', 'Animalia', 'Chordata', 'Actinopterygii', 'Scorpaeniformes', 'Setarchidae', 'Setarches', 127258, '', '', '', '', '', '', ''),
(687, '', 'Sicyases brevirostris', 'Animalia', 'Chordata', 'Actinopterygii', 'Gobiesociformes', 'Gobiesocidae', 'Sicyases', 282771, '', '', '', '', '', '', ''),
(688, 'Peje sapo común', 'Sicyases sanguineus', 'Animalia', 'Chordata', 'Actinopterygii', 'Gobiesociformes', 'Gobiesocidae', 'Sicyases', 282773, 'Salaverry Perú hasta Punta Arenas Chile.', 'No posee escamas - aplanado en región anterior y comprimido en la posterior. En el abdomen las aletas pectorales se han fusionado para dar paso a la formación de una ventosa. Esta ventosa posee en su centro una serie de papilas. La cabeza comprende un tercio de la LS. Poseen dientes de gran tamaño', 'Se le encuentra en el intermareal y submareal somero - en frentes expuestos al oleaje. Usualmente los juveniles se ubican en el intermareal - mientras que los adultos estarían prefiriendo el submareal somero. Por medio de la ventosa se sujeta a rocas en la zona de rompiente. Posee hábitos omnívoros se encuentran en su dieta lapas - chitones - picorocos y algas', '', 'No es explotado por pesquería comercial. La explotación de esta especie es realizada por pescadores artesanales y buzos - para ser comercializada en mercados locales y caletas.', '', ''),
(689, '', 'Sigmops bathyphilus', 'Animalia', 'Chordata', 'Actinopterygii', 'Stomiiformes', 'Gonostomatidae', 'Sigmops', 398363, '', '', '', '', '', '', ''),
(690, '', 'Gonostoma elongatum', 'Animalia', 'Chordata', 'Actinopterygii', 'Stomiiformes', 'Gonostomatidae', 'Gonostoma', 127296, '', '', '', '', '', '', ''),
(691, '', 'Sigmops longipinnis', 'Animalia', 'Chordata', 'Actinopterygii', 'Stomiiformes', 'Gonostomatidae', 'Sigmops', 313334, '', '', '', '', '', '', ''),
(692, '', 'Sindoscopus australis', 'Animalia', 'Chordata', 'Actinopterygii', 'Perciformes', 'Dactyloscopidae', 'Sindoscopus', 282795, '', '', '', '', '', '', ''),
(693, '', 'Somniosus antarcticus', 'Animalia', 'Chordata', 'Elasmobranchii', 'Squaliformes', 'Somniosidae', 'Somniosus', 344688, '', '', '', '', '', '', ''),
(694, '', 'Spectrunculus grandis', 'Animalia', 'Chordata', 'Actinopterygii', 'Ophidiiformes', 'Ophidiidae', 'Spectrunculus', 126678, '', '', '', '', '', '', ''),
(695, '', 'Sphoeroides lobatus', 'Animalia', 'Chordata', 'Actinopterygii', 'Tetraodontiformes', 'Tetraodontidae', 'Sphoeroides', 275279, '', '', '', '', '', '', ''),
(696, '', 'Sphoeroides pachygaster', 'Animalia', 'Chordata', 'Actinopterygii', 'Tetraodontiformes', 'Tetraodontidae', 'Sphoeroides', 127417, '', '', '', '', '', '', ''),
(697, '', 'Sphoeroides trichocephalus', 'Animalia', 'Chordata', 'Actinopterygii', 'Tetraodontiformes', 'Tetraodontidae', 'Sphoeroides', 275285, '', '', '', '', '', '', ''),
(698, '', 'Sphyraena ensis', 'Animalia', 'Chordata', 'Actinopterygii', 'Perciformes', 'Sphyraenidae', 'Sphyraena', 273979, '', '', '', '', '', '', ''),
(699, '', 'Sphyrna lewini', 'Animalia', 'Chordata', 'Elasmobranchii', 'Carcharhiniformes', 'Sphyrnidae', 'Sphyrna', 105816, '', '', '', '', '', '', ''),
(700, 'Tiburón martillo', 'Sphyrna Zygaena', 'Animalia', 'Chordata', 'Elasmobranchii', 'Carcharhiniformes', 'Sphyrnidae', 'Sphyrna', 105730, '', '', '', '', '', '', ''),
(701, 'Sardina austral ', 'Sprattus fuegensis', 'Animalia', 'Chordata', 'Actinopterygii', 'Clupeiformes', 'Clupeidae', 'Sprattus', 272281, '', '', '', '', '', '', ''),
(702, 'Tollo de cachos ', 'Squalus acanthias', 'Animalia', 'Chordata', 'Elasmobranchii', 'Squaliformes', 'Squalidae', 'Squalus', 105923, '', '', '', '', '', '', ''),
(703, '', 'Squalus blainville', 'Animalia', 'Chordata', 'Elasmobranchii', 'Squaliformes', 'Squalidae', 'Squalus', 105924, '', '', '', '', '', '', ''),
(704, '', 'Squalus mitsukurii', 'Animalia', 'Chordata', 'Elasmobranchii', 'Squaliformes', 'Squalidae', 'Squalus', 217371, '', '', '', '', '', '', ''),
(705, '', 'Squatina armata', 'Animalia', 'Chordata', 'Elasmobranchii', 'Squatiniformes', 'Squatinidae', 'Squatina', 271665, '', '', '', '', '', '', ''),
(706, '', 'Squatina californica', 'Animalia', 'Chordata', 'Elasmobranchii', 'Squatiniformes', 'Squatinidae', 'Squatina', 271667, '', '', '', '', '', '', ''),
(707, 'Mojarrilla común', 'Stellifer minor', 'Animalia', 'Chordata', 'Actinopterygii', 'Perciformes', 'Sciaenidae', 'Stellifer', 276164, '', '', '', '', '', '', ''),
(708, '', 'Stemonosudis macrura', 'Animalia', 'Chordata', 'Actinopterygii', 'Aulopiformes', 'Paralepididae', 'Stemonosudis', 220334, '', '', '', '', '', '', ''),
(709, '', 'Stemonosudis molesta', 'Animalia', 'Chordata', 'Actinopterygii', 'Aulopiformes', 'Paralepididae', 'Stemonosudis', 275613, '', '', '', '', '', '', ''),
(710, '', 'Sternoptyx diaphana', 'Animalia', 'Chordata', 'Actinopterygii', 'Stomiiformes', 'Sternoptychidae', 'Sternoptyx', 127314, '', '', '', '', '', '', ''),
(711, '', 'Sternoptyx pseudodiaphana', 'Animalia', 'Chordata', 'Actinopterygii', 'Stomiiformes', 'Sternoptychidae', 'Sternoptyx', 275005, '', '', '', '', '', '', ''),
(712, '', 'Stethopristes eos', 'Animalia', 'Chordata', 'Actinopterygii', 'Zeiformes', 'Parazenidae', 'Stethopristes', 282885, '', '', '', '', '', '', ''),
(713, '', 'Stomias atriventer', 'Animalia', 'Chordata', 'Actinopterygii', 'Stomiiformes', 'Stomiidae', 'Stomias', 275178, '', '', '', '', '', '', ''),
(714, '', 'Stomias boa boa', 'Animalia', 'Chordata', 'Actinopterygii', 'Stomiiformes', 'Stomiidae', 'Stomias', 234601, '', '', '', '', '', '', ''),
(715, '', 'Stomias boa colubrinus', 'Animalia', 'Chordata', 'Actinopterygii', 'Stomiiformes', 'Stomiidae', 'Stomias', 293746, '', '', '', '', '', '', ''),
(716, '', 'Stomias longibarbatus', 'Animalia', 'Chordata', 'Actinopterygii', 'Stomiiformes', 'Stomiidae', 'Stomias', 127376, '', '', '', '', '', '', ''),
(717, 'Pampanito ', 'Stromateus stellatus', 'Animalia', 'Chordata', 'Actinopterygii', 'Perciformes', 'Stromateidae', 'Stromateus', 273999, '', '', '', '', '', '', ''),
(718, '', 'Sudis atrox', 'Animalia', 'Chordata', 'Actinopterygii', 'Aulopiformes', 'Paralepididae', 'Sudis', 158752, '', '', '', '', '', '', ''),
(719, '', 'Symbolophorus boops', 'Animalia', 'Chordata', 'Actinopterygii', 'Myctophiformes', 'Myctophidae', 'Symbolophorus', 217719, '', '', '', '', '', '', ''),
(720, '', 'Symbolophorus evermanni', 'Animalia', 'Chordata', 'Actinopterygii', 'Myctophiformes', 'Myctophidae', 'Symbolophorus', 217718, '', '', '', '', '', '', ''),
(721, '', 'Symphysanodon maunaloae', 'Animalia', 'Chordata', 'Actinopterygii', 'Perciformes', 'Symphysanodontidae', 'Symphysanodon', 276567, '', '', '', '', '', '', ''),
(722, '', 'Symphysanodon parini', 'Animalia', 'Chordata', 'Actinopterygii', 'Perciformes', 'Symphysanodontidae', 'Symphysanodon', 276570, '', '', '', '', '', '', ''),
(723, '', 'Sympterygia bonapartii', 'Animalia', 'Chordata', 'Elasmobranchii', 'Rajiformes', 'Arhynchobatidae', 'Sympterygia', 282917, '', '', '', '', '', '', ''),
(724, '', 'Sympterygia brevicaudata', 'Animalia', 'Chordata', 'Elasmobranchii', 'Rajiformes', 'Arhynchobatidae', 'Sympterygia', 315723, '', '', '', '', '', '', ''),
(725, '', 'Sympterygia lima', 'Animalia', 'Chordata', 'Elasmobranchii', 'Rajiformes', 'Arhynchobatidae', 'Sympterygia', 282919, '', '', '', '', '', '', ''),
(726, '', 'Synaphobranchus affinis', 'Animalia', 'Chordata', 'Actinopterygii', 'Anguilliformes', 'Synaphobranchidae', 'Synaphobranchus', 158665, '', '', '', '', '', '', ''),
(727, '', 'Synchiropus randalli', 'Animalia', 'Chordata', 'Actinopterygii', 'Perciformes', 'Callionymidae', 'Synchiropus', 273259, '', '', '', '', '', '', ''),
(728, '', 'Syngnathus macrobrachium', 'Animalia', 'Chordata', 'Actinopterygii', 'Syngnathiformes', 'Syngnathidae', 'Syngnathus', 275227, '', '', '', '', '', '', ''),
(729, '', 'Synodus capricornis', 'Animalia', 'Chordata', 'Actinopterygii', 'Aulopiformes', 'Synodontidae', 'Synodus', 272123, '', '', '', '', '', '', ''),
(730, '', 'Synodus lacertinus', 'Animalia', 'Chordata', 'Actinopterygii', 'Aulopiformes', 'Synodontidae', 'Synodus', 272130, '', '', '', '', '', '', ''),
(731, '', 'Synodus scituliceps', 'Animalia', 'Chordata', 'Actinopterygii', 'Aulopiformes', 'Synodontidae', 'Synodus', 272139, '', '', '', '', '', '', ''),
(732, '', 'Tactostoma macropus', 'Animalia', 'Chordata', 'Actinopterygii', 'Stomiiformes', 'Stomiidae', 'Tactostoma', 282922, '', '', '', '', '', '', ''),
(733, '', 'Talismania antillarum', 'Animalia', 'Chordata', 'Actinopterygii', 'Osmeriformes', 'Alepocephalidae', 'Talismania', 126711, '', '', '', '', '', '', ''),
(734, '', 'Talismania aphos', 'Animalia', 'Chordata', 'Actinopterygii', 'Osmeriformes', 'Alepocephalidae', 'Talismania', 301793, '', '', '', '', '', '', ''),
(735, '', 'Talismania bifurcata', 'Animalia', 'Chordata', 'Actinopterygii', 'Osmeriformes', 'Alepocephalidae', 'Talismania', 272884, '', '', '', '', '', '', ''),
(736, '', 'Talismania bussingi', 'Animalia', 'Chordata', 'Actinopterygii', 'Osmeriformes', 'Alepocephalidae', 'Talismania', 272886, '', '', '', '', '', '', ''),
(737, '', 'Tarsistes philippii', 'Animalia', 'Chordata', 'Elasmobranchii', 'Rajiformes', 'Rhinobatidae', 'Tarsistes', 282931, '', '', '', '', '', '', ''),
(738, '', 'Tetragonurus atlanticus', 'Animalia', 'Chordata', 'Actinopterygii', 'Perciformes', 'Tetragonuridae', 'Tetragonurus', 127079, '', '', '', '', '', '', ''),
(739, '', 'Tetragonurus cuvieri', 'Animalia', 'Chordata', 'Actinopterygii', 'Perciformes', 'Tetragonuridae', 'Tetragonurus', 127080, '', '', '', '', '', '', ''),
(740, '', 'Tetrapturus angustirostris', 'Animalia', 'Chordata', 'Actinopterygii', 'Perciformes', 'Istiophoridae', 'Tetrapturus', 219734, '', '', '', '', '', '', ''),
(741, 'Marlín', 'Kajikia audax', 'Animalia', 'Chordata', 'Actinopterygii', 'Perciformes', 'Istiophoridae', 'Kajikia', 712907, '', '', '', '', '', '', ''),
(742, '', 'Thalassobathia nelsoni', 'Animalia', 'Chordata', 'Actinopterygii', 'Ophidiiformes', 'Ophidiidae', 'Thalassobathia', 272776, '', '', '', '', '', '', ''),
(743, 'Cochinilla', 'Thamnaconus paschalis', 'Animalia', 'Chordata', 'Actinopterygii', 'Tetraodontiformes', 'Monacanthidae', 'Thamnaconus', 277211, '', '', '', '', '', '', ''),
(744, 'Atún de aleta larga ', 'Thunnus alalunga', 'Animalia', 'Chordata', 'Actinopterygii', 'Perciformes', 'Scombridae', 'Thunnus', 127026, '', '', '', '', '', '', ''),
(745, 'Atún Aleta amarilla', 'Thunnus albacares', 'Animalia', 'Chordata', 'Actinopterygii', 'Perciformes', 'Scombridae', 'Thunnus', 127027, '', '', '', '', '', '', ''),
(746, 'Atún de ojos grandes', 'Thunnus obesus', 'Animalia', 'Chordata', 'Actinopterygii', 'Perciformes', 'Scombridae', 'Thunnus', 127028, '', '', '', '', '', '', ''),
(747, 'Sierra comun ', 'Thyrsites atun', 'Animalia', 'Chordata', 'Actinopterygii', 'Perciformes', 'Gempylidae', 'Thyrsites', 219697, '', '', '', '', '', '', ''),
(748, 'Sierra ', 'Thyrsitops lepidopoides', 'Animalia', 'Chordata', 'Actinopterygii', 'Perciformes', 'Gempylidae', 'Thyrsitops', 282972, '', '', '', '', '', '', ''),
(749, '', 'Thysanopsetta naresi', 'Animalia', 'Chordata', 'Actinopterygii', 'Pleuronectiformes', 'Paralichthyidae', 'Thysanopsetta', 282976, '', '', '', '', '', '', ''),
(750, 'Tenca', 'Tinca tinca', 'Animalia', 'Chordata', 'Actinopterygii', 'Cypriniformes', 'Cyprinidae', 'Tinca', 154343, '', '', '', '', '', '', ''),
(751, '', 'Tomicodon chilensis', 'Animalia', 'Chordata', 'Actinopterygii', 'Gobiesociformes', 'Gobiesocidae', 'Tomicodon', 282989, '', '', '', '', '', '', ''),
(752, '', 'Torpedo microdiscus', 'Animalia', 'Chordata', 'Elasmobranchii', 'Torpediniformes', 'Torpedinidae', 'Torpedo', 271685, '', '', '', '', '', '', ''),
(753, '', 'Torpedo semipelagica', 'Animalia', 'Chordata', 'Elasmobranchii', 'Torpediniformes', 'Torpedinidae', 'Torpedo', 271688, '', '', '', '', '', '', ''),
(754, '', 'Torpedo tremens', 'Animalia', 'Chordata', 'Elasmobranchii', 'Torpediniformes', 'Torpedinidae', 'Torpedo', 271692, '', '', '', '', '', '', ''),
(755, 'Panpanito', 'Trachinotus paitensis', 'Animalia', 'Chordata', 'Actinopterygii', 'Perciformes', 'Carangidae', 'Trachinotus', 273296, '', '', '', '', '', '', ''),
(756, '', 'Trachinus cornutus', 'Animalia', 'Chordata', 'Actinopterygii', 'Perciformes', 'Trachinidae', 'Trachinus', 274005, '', '', '', '', '', '', ''),
(757, '', 'Trachipterus altivelis', 'Animalia', 'Chordata', 'Actinopterygii', 'Lampriformes', 'Trachipteridae', 'Trachipterus', 272531, '', '', '', '', '', '', ''),
(758, '', 'Trachipterus fukuzakii', 'Animalia', 'Chordata', 'Actinopterygii', 'Lampriformes', 'Trachipteridae', 'Trachipterus', 272532, '', '', '', '', '', '', ''),
(759, 'Pez cinta ', 'Trachipterus trachypterus', 'Animalia', 'Chordata', 'Actinopterygii', 'Lampriformes', 'Trachipteridae', 'Trachipterus', 126528, '', '', '', '', '', '', ''),
(760, 'Jurel', 'Trachurus murphyi', 'Animalia', 'Chordata', 'Actinopterygii', 'Perciformes', 'Carangidae', 'Trachurus', 273303, '', '', '', '', '', '', ''),
(761, '', 'Trachypoma macracanthus', 'Animalia', 'Chordata', 'Actinopterygii', 'Perciformes', 'Serranidae', 'Trachypoma', 283033, '', '', '', '', '', '', ''),
(762, '', 'Trachyrincus helolepis', 'Animalia', 'Chordata', 'Actinopterygii', 'Gadiformes', 'Macrouridae', 'Trachyrincus', 272445, '', '', '', '', '', '', ''),
(763, '', 'Trachyrincus villegai', 'Animalia', 'Chordata', 'Actinopterygii', 'Gadiformes', 'Macrouridae', 'Trachyrincus', 272447, '', '', '', '', '', '', ''),
(764, '', 'Triakis maculata', 'Animalia', 'Chordata', 'Elasmobranchii', 'Carcharhiniformes', 'Triakidae', 'Triakis', 279058, '', '', '', '', '', '', ''),
(765, 'Bagre pintado', 'Trichomycterus areolatus', 'Animalia', 'Chordata', 'Actinopterygii', 'Siluriformes', 'Trichomycteridae', 'Trichomycterus', 0, '', '', '', '', '', '', ''),
(766, 'Bagrecito', 'Trichomycterus chiltoni', 'Animalia', 'Chordata', 'Actinopterygii', 'Siluriformes', 'Trichomycteridae', 'Trichomycterus', 0, '', '', '', '', '', '', ''),
(767, 'Bagrecito', 'Trichomycterus chungaraensis', 'Animalia', 'Chordata', 'Actinopterygii', 'Siluriformes', 'Trichomycteridae', 'Trichomycterus', 0, '', '', '', '', '', '', ''),
(768, 'Bagrecito', 'Trichomycterus laucaensis', 'Animalia', 'Chordata', 'Actinopterygii', 'Siluriformes', 'Trichomycteridae', 'Trichomycterus', 0, '', '', '', '', '', '', ''),
(769, 'Bagrecito', 'Trichomycterus rivulatus', 'Animalia', 'Chordata', 'Actinopterygii', 'Siluriformes', 'Trichomycteridae', 'Trichomycterus', 0, '', '', '', '', '', '', ''),
(770, '', 'Trigonolampa miriceps', 'Animalia', 'Chordata', 'Actinopterygii', 'Stomiiformes', 'Stomiidae', 'Trigonolampa', 127377, '', '', '', '', '', '', ''),
(771, '', 'Triphoturus mexicanus', 'Animalia', 'Chordata', 'Actinopterygii', 'Myctophiformes', 'Myctophidae', 'Triphoturus', 278566, '', '', '', '', '', '', ''),
(772, 'Tomollo de tres aletas', 'Helcogrammoides chilensis', 'Animalia', 'Chordata', 'Actinopterygii', 'Perciformes', 'Tripterygiidae', 'Helcogrammoides', 279352, '', '', '', '', '', '', ''),
(773, 'Nudibranquio', 'Tyrinna delicata', 'Animalia', 'Mollusca', 'Gastropoda', 'Nudibranchia', 'Chromodorididae', 'Tyrinna', 536910, '', '', '', '', '', '', ''),
(774, '', 'Umbrina imberbis', 'Animalia', 'Chordata', 'Actinopterygii', 'Perciformes', 'Sciaenidae', 'Umbrina', 273799, '', '', '', '', '', '', ''),
(775, '', 'Urobatis marmoratus', 'Animalia', 'Chordata', 'Elasmobranchii', 'Rajiformes', 'Urotrygonidae', 'Urobatis', 283088, '', '', '', '', '', '', ''),
(776, '', 'Urotrygon chilensis', 'Animalia', 'Chordata', 'Elasmobranchii', 'Rajiformes', 'Urotrygonidae', 'Urotrygon', 283115, '', '', '', '', '', '', ''),
(777, '', 'Venefica tentaculata', 'Animalia', 'Chordata', 'Actinopterygii', 'Anguilliformes', 'Nettastomatidae', 'Venefica', 271922, '', '', '', '', '', '', ''),
(778, '', 'Vinciguerria attenuata', 'Animalia', 'Chordata', 'Actinopterygii', 'Stomiiformes', 'Phosichthyidae', 'Vinciguerria', 127302, '', '', '', '', '', '', ''),
(779, '', 'Vinciguerria lucetia', 'Animalia', 'Chordata', 'Actinopterygii', 'Stomiiformes', 'Phosichthyidae', 'Vinciguerria', 274961, '', '', '', '', '', '', ''),
(780, '', 'Vinciguerria nimbaria', 'Animalia', 'Chordata', 'Actinopterygii', 'Stomiiformes', 'Phosichthyidae', 'Vinciguerria', 127303, '', '', '', '', '', '', ''),
(781, '', 'Vinciguerria poweriae', 'Animalia', 'Chordata', 'Actinopterygii', 'Stomiiformes', 'Phosichthyidae', 'Vinciguerria', 127304, '', '', '', '', '', '', ''),
(782, '', 'Volodichthys parini', 'Animalia', 'Chordata', 'Actinopterygii', 'Scorpaeniformes', 'Liparidae', 'Volodichthys', 0, '', '', '', '', '', '', ''),
(783, '', 'Xanthichthys mento', 'Animalia', 'Chordata', 'Actinopterygii', 'Tetraodontiformes', 'Balistidae', 'Xanthichthys', 276247, '', '', '', '', '', '', ''),
(784, '', 'Xenomystax atrarius', 'Animalia', 'Chordata', 'Actinopterygii', 'Anguilliformes', 'Congridae', 'Xenomystax', 283188, '', '', '', '', '', '', ''),
(785, 'Albacora - Pez espada', 'Xiphias gladius', 'Animalia', 'Chordata', 'Actinopterygii', 'Perciformes', 'Xiphiidae', 'Xiphias', 127094, '', '', '', '', '', '', ''),
(786, '', 'Zameus squamulosus', 'Animalia', 'Chordata', 'Elasmobranchii', 'Squaliformes', 'Somniosidae', 'Zameus', 283206, '', '', '', '', '', '', ''),
(787, 'Raya chilena', 'Zearaja chilensis', 'Animalia', 'Chordata', 'Elasmobranchii', 'Rajiformes', 'Rajidae', 'Zearaja', 315953, '', '', '', '', '', '', ''),
(788, '', 'Zenion japonicum', 'Animalia', 'Chordata', 'Actinopterygii', 'Zeiformes', 'Zeniontidae', 'Zenion', 275298, '', '', '', '', '', '', ''),
(789, '', 'Zenopsis nebulosa', 'Animalia', 'Chordata', 'Actinopterygii', 'Zeiformes', 'Zeidae', 'Zenopsis', 275302, '', '', '', '', '', '', '');

-- --------------------------------------------------------

--
-- Estructura de tabla para la tabla `habitat`
--

CREATE TABLE IF NOT EXISTS `habitat` (
  `id` int(11) NOT NULL AUTO_INCREMENT,
  `data` varchar(45) DEFAULT NULL,
  `descripcion` varchar(200) DEFAULT NULL,
  PRIMARY KEY (`id`)
) ENGINE=InnoDB  DEFAULT CHARSET=utf8 AUTO_INCREMENT=13 ;

--
-- Volcado de datos para la tabla `habitat`
--

INSERT INTO `habitat` (`id`, `data`, `descripcion`) VALUES
(1, 'Bolones / Roca', ' Zona con dominancia de rocas de mediano a gran tamaño sobrepuestas en el fondo marino.'),
(2, 'Fondo blando', ' Zondo marino dominado por material arenoso, fango o limo.'),
(3, 'Pared rocosa', ' Pared vertical con caida de mas de 7 metros de altura.'),
(4, 'Bolones / Roca', ' Zona con dominancia de rocas de mediano a gran tamaño sobrepuestas en el fondo marino.'),
(5, 'Fondo blando', ' Zondo marino dominado por material arenoso, fango o limo.'),
(6, 'Pared rocosa', ' Pared vertical con caida de mas de 7 metros de altura.'),
(7, 'Acantilado', ' Zona de buceo contigua a acantilados, con una gran pendiente o gradiente de profundidad en una corta distancia.'),
(8, 'Motu', ' Gran roca o grupo de rocas con empinadas laderas que se levanta de las aguas profundas hacia la superficie.'),
(9, 'Bosque de macroalgas', ' Bosques o praderas de algas de gran tamaño.'),
(10, 'Oceano abierto', ' Buceo desarrollado en un area de gran profundidad, donde no es posible reconocer el fondo '),
(11, 'Pasto marino', ' Zonas con precencia de pasto marino sobre fondo blando.'),
(12, 'Estructura artificial', ' Estructura contruida por el hombre como muelles, naufragios, rompeolas o cualquier estructura no natural.');

-- --------------------------------------------------------

--
-- Estructura de tabla para la tabla `regiones`
--

CREATE TABLE IF NOT EXISTS `regiones` (
  `id` int(11) NOT NULL,
  `data` varchar(46) DEFAULT NULL,
  PRIMARY KEY (`id`)
) ENGINE=InnoDB DEFAULT CHARSET=utf8;

--
-- Volcado de datos para la tabla `regiones`
--

INSERT INTO `regiones` (`id`, `data`) VALUES
(1, 'Arica y Parinacota\r'),
(2, 'Tarapacá\r'),
(3, 'Antofagasta\r'),
(4, 'Atacama\r'),
(5, 'Coquimbo\r'),
(6, 'Valparaíso\r'),
(7, 'Región del Libertador Bernardo O''higgins\r'),
(8, 'Región del Maule\r'),
(9, 'Región del BioBío\r'),
(10, 'Región de la Araucanía\r'),
(11, 'Región de los Ríos\r'),
(12, 'Región de los Lagos\r'),
(13, 'Región Aisén del Gral. Carlos Ibañez del Campo'),
(14, 'Región de Magallanes y de la Antártica Chilena'),
(15, 'Región Metropolitana de Santiago\r');

-- --------------------------------------------------------

--
-- Estructura de tabla para la tabla `usuarios`
--

CREATE TABLE IF NOT EXISTS `usuarios` (
  `nombre` varchar(45) DEFAULT NULL,
  `apellido_pat` varchar(45) DEFAULT NULL,
  `apellido_mat` varchar(45) DEFAULT NULL,
  `fecha_nac` date DEFAULT NULL,
  `genero` enum('Masculino','Femenino') DEFAULT NULL,
  `nombre_usuario` varchar(11) NOT NULL DEFAULT '',
  `email` varchar(45) NOT NULL,
  `pass` varchar(45) NOT NULL,
  `anios_buceo` int(11) DEFAULT NULL,
  `hrs_buceo` enum('Menos de 10 horas','11 - 30 horas','31 - 60 horas','61 - 100 horas','101 - 300 horas','300 + horas') DEFAULT NULL,
  `ciudad` varchar(45) DEFAULT NULL,
  `educacion` enum('Básica','Media','Superior','Postítulo') DEFAULT NULL,
  `experiencia` enum('Novato','Experto') DEFAULT NULL,
  `region` int(11) DEFAULT NULL,
  `centro_buceo` int(11) DEFAULT NULL,
  PRIMARY KEY (`nombre_usuario`),
  KEY `fk_usuario_region1_idx` (`region`),
  KEY `fk_usuario_centro_buceo1_idx` (`centro_buceo`)
) ENGINE=InnoDB DEFAULT CHARSET=utf8;

--
-- Volcado de datos para la tabla `usuarios`
--

INSERT INTO `usuarios` (`nombre`, `apellido_pat`, `apellido_mat`, `fecha_nac`, `genero`, `nombre_usuario`, `email`, `pass`, `anios_buceo`, `hrs_buceo`, `ciudad`, `educacion`, `experiencia`, `region`, `centro_buceo`) VALUES
('Alejandro', 'Francis', 'Deza', '0000-00-00', 'Masculino', 'Alejandro F', 'afrancis@adepac.cl', '0e0a07ecb1ef8a52921dd38525f25a6c', 2, '101 - 300 horas', 'Santiago', 'Media', 'Novato', 15, 2),
('César', 'Salas', 'Canales', '0000-00-00', 'Masculino', 'César', 'cesar.canales10@gmail.com', '6663bfcba87876ad445e762d0b0ad5e5', 2, '61 - 100 horas', 'Santiago', 'Postítulo', 'Novato', 15, 2),
('Club El Tigre', 'Zapallar', 'Buceo a Pulmón', '0000-00-00', 'Masculino', 'clubeltigre', 'contacto@clubeltigre.cl', '1a605b3a265acf47c1649c76be04d54e', 3, '300 + horas', 'Zapallar', 'Superior', 'Novato', 6, 2),
('Damian ', 'Palma ', 'Mondaca', '0000-00-00', 'Masculino', 'Damian', 'neofenix41@gmail.com', 'fb8a9d092ba17cb2cb262eaae7e11285', 4, '101 - 300 horas', 'Papudo ', 'Superior', 'Experto', 6, 2),
('', NULL, NULL, NULL, NULL, 'develop', 'develop', 'a19ea622182c63ddc19bb22cde982b82', NULL, NULL, NULL, NULL, NULL, NULL, NULL),
('Javier', 'Naretto', 'Atlagic', '0000-00-00', 'Masculino', 'Javier Nare', 'jnarettoa@costahumboldt.org', '3c63d2b314c8152b676be21e6fa5438c', 12, '300 + horas', 'Santiago', 'Postítulo', 'Experto', 15, 2),
('javiera ', 'valin', 'acuña', '0000-00-00', 'Femenino', 'javiera val', 'javieravalin@gmail.com', '9f9be929624172072de7fe5717f3f29a', 5, '300 + horas', 'Santiago', 'Superior', 'Experto', 15, 2),
('Jimena', 'Zúñiga', 'Jara', '0000-00-00', 'Femenino', 'Jimena', 'j_pzj@hotmail.com', '22d5f6b8d610f639d4403889d982ecd4', 2, '11 - 30 horas', 'Santiago', 'Postítulo', 'Novato', 15, 2),
('Luciano', 'Hiriart', 'Bertrand', '0000-00-00', 'Masculino', 'LucHB', 'l.hiriartbertrand@costahumboldt.org', 'b87d8d4509a9b39188d5de2cd513762f', 1, 'Menos de 10 horas', 'Santiago', 'Postítulo', 'Novato', 15, 2),
('Maria Paz ', 'Gutierrez', 'Montes', '0000-00-00', 'Femenino', 'Maria Paz G', 'mpgutierrez@uc.cl', '6eec6b2e35a3302e1e3d1ea5e7008b36', 5, '101 - 300 horas', 'SANTIAGO', 'Superior', 'Novato', 15, 2),
('Matias', 'Camblor', 'Arregui', '0000-00-00', 'Masculino', 'mcamblor', 'matias.camblor@gmail.com', '827ccb0eea8a706c4c34a16891f84e7b', 7, '101 - 300 horas', 'Valparaiso', 'Superior', 'Novato', 6, 2),
('Roberto', 'Muñoz', 'Soto', '0000-00-00', 'Masculino', 'robmunoz', 'roberto.munoz.s@uv.cl', '017934559a4dd80988fba80d3f048f36', 12, '300 + horas', '', 'Postítulo', 'Novato', 6, 2),
('Romina', 'arancibia', 'nuñez', '0000-00-00', 'Femenino', 'rominasiren', 'arancibia.ro@gmail.com', 'ca87cf7d7dcfd604a21cc35baa38f26c', 6, '11 - 30 horas', 'villa alemana ', 'Superior', 'Novato', 6, 2);

--
-- Restricciones para tablas volcadas
--

--
-- Filtros para la tabla `buceos`
--
ALTER TABLE `buceos`
  ADD CONSTRAINT `buceos_ibfk_1` FOREIGN KEY (`nombre_usuario`) REFERENCES `usuarios` (`nombre_usuario`) ON DELETE CASCADE ON UPDATE CASCADE;

--
-- Filtros para la tabla `buceo_especie`
--
ALTER TABLE `buceo_especie`
  ADD CONSTRAINT `buceo_especie_ibfk_1` FOREIGN KEY (`id_buceo`) REFERENCES `buceos` (`id`),
  ADD CONSTRAINT `buceo_especie_ibfk_2` FOREIGN KEY (`id_especie`) REFERENCES `especies` (`id`);

--
-- Filtros para la tabla `buceo_habitat`
--
ALTER TABLE `buceo_habitat`
  ADD CONSTRAINT `buceo_habitat_ibfk_1` FOREIGN KEY (`idhabitat`) REFERENCES `habitat` (`id`) ON DELETE CASCADE ON UPDATE CASCADE,
  ADD CONSTRAINT `buceo_habitat_ibfk_2` FOREIGN KEY (`idbuceo`) REFERENCES `buceos` (`id`) ON DELETE CASCADE ON UPDATE CASCADE;

--
-- Filtros para la tabla `usuarios`
--
ALTER TABLE `usuarios`
  ADD CONSTRAINT `usuarios_ibfk_1` FOREIGN KEY (`region`) REFERENCES `regiones` (`id`) ON DELETE SET NULL ON UPDATE CASCADE,
  ADD CONSTRAINT `usuarios_ibfk_2` FOREIGN KEY (`centro_buceo`) REFERENCES `centro_buceo` (`id`) ON DELETE SET NULL ON UPDATE CASCADE;

/*!40101 SET CHARACTER_SET_CLIENT=@OLD_CHARACTER_SET_CLIENT */;
/*!40101 SET CHARACTER_SET_RESULTS=@OLD_CHARACTER_SET_RESULTS */;
/*!40101 SET COLLATION_CONNECTION=@OLD_COLLATION_CONNECTION */;
